datetime,station,wd,wd_in_deg,RAIN,PM2.5,PM10,SO2,NO2,CO,O3,POLUTANT
2013-03-31,Aotizhongxin,NE,133.79402756508424,0.029709035222052066,114.7197549770291,148.29402756508424,46.437978560490045,76.50076569678407,1492.7856049004595,48.511485451761104,1927.249617151608
2013-04-30,Aotizhongxin,SW,164.3266253869969,0.01671826625386997,58.61609907120743,104.5092879256966,23.648606811145513,52.40247678018576,906.4427244582043,50.28409566563467,1195.9032907120743
2013-05-31,Aotizhongxin,SW,165.6452922077922,0.007954545454545455,88.46753246753246,140.28896103896105,29.25974025974026,59.813311688311686,942.9659090909091,72.63661590909092,1333.4320704545455
2013-06-30,Aotizhongxin,NE,116.8389662027833,0.15825049701789262,110.13916500994036,135.01192842942345,15.013916500994036,73.9145129224652,1346.3598409542744,64.08747514910537,1744.5268389662028
2013-07-31,Aotizhongxin,NE,145.21848137535815,0.30171919770773636,68.63467048710602,85.1618911174785,9.340974212034384,54.90830945558739,812.8825214899714,73.08595988538681,1104.0143266475645
2013-08-31,Aotizhongxin,NE,137.5441696113074,0.06307420494699648,61.17667844522968,83.74911660777386,7.270318021201414,58.68021201413428,791.3427561837456,66.28798586572438,1068.5070671378091
2013-09-30,Aotizhongxin,NE,121.23038516405136,0.07874465049928672,78.34522111269615,104.25962910128388,13.823109843081312,64.03281027104137,1064.0456490727531,37.13552068473609,1361.641940085592
2013-10-31,Aotizhongxin,NE,110.04424778761062,0.003982300884955752,95.89675516224189,119.71976401179941,22.65388790560472,72.88938053097345,1115.0442477876106,20.29576460176991,1446.4998
2013-11-30,Aotizhongxin,N,150.62359550561797,0.0,50.157303370786515,77.2314606741573,21.537078651685395,44.14831460674157,1084.4943820224719,25.89863550561798,1303.4671748314609
2013-12-31,Aotizhongxin,NE,132.53048780487805,0.0,87.17276422764228,121.6869918699187,45.91463414634146,66.73577235772358,2027.439024390244,14.48015,2363.42933699187
2014-01-31,Aotizhongxin,NE,133.18342776203966,0.0,98.55524079320114,128.94617563739376,60.18980169971671,68.69405099150141,1916.71388101983,14.78328611898017,2287.8824362606233
2014-02-28,Aotizhongxin,NE,116.47933884297521,0.009421487603305785,137.21652892561983,144.78677685950413,56.74545454545454,65.05454545454545,2002.9752066115702,21.300826446280993,2428.079338842975
2014-03-31,Aotizhongxin,NE,133.77216916780355,0.0012278308321964529,98.33287858117326,146.72442019099591,36.394270122783084,68.49931787175989,1371.487039563438,37.39836289222374,1758.8362892223738
2014-04-30,Aotizhongxin,SW,159.3083462132921,0.01854714064914992,100.35394126738794,169.52704791344667,20.04018547140649,69.28129829984545,903.8639876352396,57.58114374034003,1320.6476043276662
2014-05-31,Aotizhongxin,SW,138.67728531855957,0.07839335180055401,71.75623268698061,135.01149584487536,15.63365650969529,56.30512465373962,806.786703601108,80.40263157894736,1165.8958448753463
2014-06-30,Aotizhongxin,ENE,143.42957746478874,0.2669014084507042,59.30140845070422,60.638028169014085,6.283098591549296,51.39014084507042,696.1971830985915,88.5507042253521,962.3605633802817
2014-07-31,Aotizhongxin,SW,159.94897959183675,0.08244897959183674,93.36326530612244,93.36326530612244,4.363265306122449,48.817687074829934,798.7755102040817,89.51428571428572,1128.1972789115646
2014-08-31,Aotizhongxin,ENE,140.1008344923505,0.11279554937413075,68.84937413073713,83.69109874826148,3.8606397774687067,55.8173852573018,727.8164116828929,81.98595271210014,1022.0208623087622
2014-09-30,Aotizhongxin,ENE,140.42290419161677,0.10119760479041916,70.81631736526947,103.25494011976048,5.5,64.14685628742515,934.5808383233533,42.37799401197605,1220.6769461077843
2014-10-31,Aotizhongxin,ENE,121.1963190184049,0.019938650306748466,128.75306748466258,164.41104294478527,10.308282208588958,90.65184049079754,1324.846625766871,17.17484662576687,1736.1457055214723
2014-11-30,Aotizhongxin,ENE,127.28932584269663,0.0009831460674157302,93.6300561797753,131.70196629213484,17.045224719101125,78.72865168539326,1597.612359550562,16.39325842696629,1935.1115168539325
2014-12-31,Aotizhongxin,NNW,168.6328125,0.0,55.799479166666664,98.34375,25.502604166666668,51.078125,1349.7395833333333,24.856770833333332,1605.3203125
2015-01-31,Aotizhongxin,ENE,126.35558583106267,0.00027247956403269756,91.81348773841962,115.26920980926431,38.166893732970024,69.37929155313351,2058.4468664850137,19.068119891008173,2392.1438692098095
2015-02-28,Aotizhongxin,NE,146.77244582043343,0.009907120743034056,85.89318885448917,123.75386996904025,30.472136222910216,56.54953560371517,1508.6687306501549,45.95201238390093,1851.2894736842106
2015-03-31,Aotizhongxin,E,161.53762662807526,0.00955137481910275,88.43299565846598,157.16874095513748,22.914471780028943,61.63661360347323,1262.5180897250361,53.627206946454415,1646.2981186685963
2015-04-30,Aotizhongxin,SW,168.17972350230414,0.06113671274961597,74.96236559139786,127.7036866359447,9.771735791090629,55.40675883256529,816.5898617511521,76.99170506912442,1161.426113671275
2015-05-31,Aotizhongxin,SW,172.20792767732962,0.051877607788595265,58.83031988873435,109.34075104311543,8.687065368567454,46.99443671766342,757.162726008345,101.60778859527122,1082.6230876216969
2015-06-30,Aotizhongxin,E,155.48252279635258,0.09392097264437689,62.83282674772037,87.54711246200608,7.212765957446808,45.285714285714285,1044.8328267477204,103.61854103343465,1351.3297872340424
2015-07-31,Aotizhongxin,E,136.5572033898305,0.2766949152542373,65.80932203389831,83.4180790960452,5.655367231638418,52.155367231638415,836.8644067796611,121.55932203389831,1165.4618644067796
2015-08-31,Aotizhongxin,ENE,126.09237536656892,0.11407624633431086,45.05278592375367,70.84457478005865,4.18475073313783,42.058651026392965,844.5747800586511,98.59530791788856,1105.3108504398826
2015-09-30,Aotizhongxin,ENE,141.4903846153846,0.13875739644970414,51.72041420118343,71.79585798816568,5.785502958579881,59.45414201183432,982.2485207100592,65.5,1236.5044378698226
2015-10-31,Aotizhongxin,NE,170.98127600554784,0.017059639389736477,78.001386962552,97.77253814147018,6.421636615811373,72.13037447988904,1184.0499306518725,41.89736477115118,1480.2732316227462
2015-11-30,Aotizhongxin,ENE,119.61397058823529,0.05411764705882353,116.92647058823529,123.81911764705882,10.483823529411765,76.70882352941176,2346.176470588235,16.898529411764706,2691.0132352941177
2015-12-31,Aotizhongxin,ENE,136.46017699115043,0.0029498525073746312,135.82005899705015,147.49557522123894,23.622418879056045,85.83333333333333,3182.7433628318586,23.1047197640118,3598.619469026549
2016-01-31,Aotizhongxin,NNW,162.49279538904898,0.0007204610951008645,65.77809798270893,84.8256484149856,21.82564841498559,56.726224783861674,1764.121037463977,33.194524495677236,2026.471181556196
2016-02-29,Aotizhongxin,NW,179.36666666666667,0.017925925925925925,43.79259259259259,60.854814814814816,17.748148148148147,33.21925925925926,1006.5185185185185,51.80888888888889,1213.9422222222222
2016-03-31,Aotizhongxin,ENE,155.34782608695653,0.0,101.88260869565218,157.88840579710146,22.766666666666666,49.18985507246377,1400.2898550724638,51.428985507246374,1783.4463768115943
2016-04-30,Aotizhongxin,NW,167.99100449775113,0.007196401799100451,67.10044977511244,108.1784107946027,11.265367316341829,35.04347826086956,760.5697151424288,75.92203898050974,1058.079460269865
2016-05-31,Aotizhongxin,SW,188.52322206095792,0.04949201741654572,53.31785195936139,75.9288824383164,9.428156748911466,29.862119013062408,655.7329462989841,102.75616835994194,927.0261248185776
2016-06-30,Aotizhongxin,E,146.64017341040463,0.09985549132947977,57.71098265895954,72.2528901734104,5.554913294797688,28.13583815028902,739.0173410404624,118.22254335260115,1020.8945086705203
2016-07-31,Aotizhongxin,E,132.83093525179856,0.44920863309352516,72.23021582733813,78.07338129496402,3.5179856115107913,35.42877697841727,862.589928057554,104.01726618705035,1155.8575539568346
2016-08-31,Aotizhongxin,NE,143.2574679943101,0.07667140825035562,45.741109530583216,48.78378378378378,2.6870554765291605,39.09672830725462,752.2048364153627,92.07681365576103,980.5903271692746
2016-09-30,Aotizhongxin,NE,115.19138755980862,0.1824561403508772,56.119617224880386,68.8676236044657,3.0318979266347688,48.620414673046255,682.615629984051,63.186602870813395,922.4417862838916
2016-10-31,Aotizhongxin,NE,139.98214285714286,0.11928571428571429,85.39,99.40714285714286,3.3785714285714286,63.744285714285716,1127.857142857143,25.59857142857143,1405.3757142857144
2016-11-30,Aotizhongxin,NE,137.60248901903367,0.0077598828696925325,99.96046852122987,126.4407027818448,9.84480234260615,74.44655929721816,1939.2386530014642,16.874084919472914,2266.805270863836
2016-12-31,Aotizhongxin,NE,130.28925619834712,0.0,132.8388429752066,145.9214876033058,18.05509641873278,86.2465564738292,2551.7906336088154,18.09090909090909,2952.943526170799
2017-01-31,Aotizhongxin,NE,151.21562952243127,0.00043415340086830687,117.98408104196817,130.55861070911723,20.55861070911722,71.6685962373372,2099.565846599132,40.60781476121563,2480.943560057887
2017-02-28,Aotizhongxin,NE,161.11111111111111,0.005246913580246914,71.16358024691358,84.02777777777777,21.38425925925926,60.63425925925926,1236.111111111111,55.16358024691358,1528.4845679012346
2013-03-31,Changping,ESE,140.2192362093352,0.032673267326732675,99.99151343705799,124.34370579915134,35.38896746817539,59.44978783592645,1391.7835926449789,60.705799151343705,1771.6633663366338
2013-04-30,Changping,ESE,141.13033873343153,0.016494845360824743,59.22385861561119,89.70692194403534,16.56553755522828,36.72016774668631,782.2680412371134,67.44114668630338,1051.9256737849778
2013-05-31,Changping,ESE,145.20510835913313,0.006037151702786378,90.08359133126935,125.69349845201238,25.236842105263158,38.78792569659443,847.3065015479876,96.78637770897832,1223.8947368421052
2013-06-30,Changping,E,140.9384164222874,0.18944281524926684,81.2434017595308,103.97360703812316,19.612903225806452,31.929618768328446,1276.659824046921,83.33724340175954,1596.7565982404692
2013-07-31,Changping,N,159.7389885807504,0.22969004893964112,61.35725938009788,65.97063621533442,6.8123980424143555,25.28058727569331,878.137030995106,82.54649265905384,1120.1044045677
2013-08-31,Changping,E,141.84642857142856,0.09228571428571428,55.59,68.09571428571428,7.122857142857143,24.34857142857143,795.4285714285714,89.83285714285714,1040.4185714285713
2013-09-30,Changping,N,151.7450495049505,0.12887788778877887,63.896039603960396,75.03300330033004,6.516501650165017,39.896039603960396,925.0742574257425,55.54455445544554,1165.960396039604
2013-10-31,Changping,NNW,183.18021201413427,0.004240282685512368,75.26325088339223,96.37985865724382,13.164310954063604,58.67314487632509,877.73851590106,28.46922367491166,1149.6883049469964
2013-11-30,Changping,N,186.87857142857143,0.0,56.85857142857143,78.17857142857143,24.72,45.90714285714286,1065.4285714285713,26.94293542857143,1298.0357925714286
2013-12-31,Changping,NNW,194.10211267605635,0.0,69.40845070422536,82.3112676056338,45.30845070422535,51.39577464788732,1600.0,24.053300845070424,1872.4772445070423
2014-01-31,Changping,NNW,181.58357771260998,0.0,89.95161290322581,110.93401759530792,59.0,57.212609970674485,2065.3958944281526,25.343108504398828,2407.8372434017597
2014-02-28,Changping,NNW,188.1177924217463,0.004118616144975288,135.29159802306424,142.45304777594728,61.642504118616145,58.481054365733115,2064.7446457990113,26.67380560131796,2489.2866556836902
2014-03-31,Changping,NNW,188.95095367847412,0.00449591280653951,85.61989100817439,128.0858310626703,34.29019073569482,53.53405994550409,1298.9100817438691,44.58038147138964,1645.0204359673025
2014-04-30,Changping,E,159.0552995391705,0.012135176651305682,104.12903225806451,142.60061443932412,15.930875576036867,48.963133640552996,907.0660522273425,77.3041474654378,1295.9938556067589
2014-05-31,Changping,NNW,183.99590163934425,0.08442622950819673,54.25901639344262,101.05396174863388,12.431284153005466,36.46789617486339,748.4972677595629,96.05109289617485,1048.760519125683
2014-06-30,Changping,NNW,178.28947368421052,0.11008771929824561,45.19444444444444,59.989766081871345,5.447368421052632,30.826023391812864,685.5263157894736,110.08625730994152,937.0701754385965
2014-07-31,Changping,E,163.3423493044822,0.0812982998454405,84.2998454404946,97.72952086553323,4.860896445131376,32.23802163833076,853.0139103554868,107.80370942812984,1179.9459041731066
2014-08-31,Changping,NNW,180.21197846567966,0.058950201884253026,56.61009421265142,76.057200538358,4.781561238223419,36.00699865410498,747.5100942126514,108.94091520861373,1029.906864064603
2014-09-30,Changping,NNW,169.7268907563025,0.08543417366946779,60.82703081232493,79.14915966386555,5.369747899159663,35.26162464985994,918.2072829131653,64.96036414565826,1163.7752100840337
2014-10-31,Changping,NNW,193.12233285917497,0.03058321479374111,116.48933143669986,136.51066856330013,6.15647226173542,55.41109530583215,1236.2731152204835,30.938833570412516,1581.7795163584638
2014-11-30,Changping,NNW,198.86587078651687,0.0,76.83834269662921,118.49157303370787,17.863202247191012,56.576123595505614,1503.5112359550562,26.01306179775281,1799.2935393258426
2014-12-31,Changping,WNW,211.9214876033058,0.0,51.15702479338843,88.10468319559229,28.728650137741045,47.77961432506887,1397.2451790633609,29.060606060606062,1642.0757575757575
2015-01-31,Changping,NW,200.94182825484765,0.0004155124653739613,96.52825484764543,114.68337950138503,37.31717451523546,63.32299168975069,2051.1080332409974,24.94224376731302,2387.902077562327
2015-02-28,Changping,NNW,187.29921259842519,0.006771653543307087,87.71968503937008,116.03937007874016,28.91968503937008,45.033070866141735,1443.1496062992126,39.83937007874016,1760.7007874015749
2015-03-31,Changping,NNW,173.14255617977528,0.0,77.46137640449439,138.82977528089887,20.72921348314607,47.24508426966292,1148.314606741573,52.54438202247191,1485.1244382022473
2015-04-30,Changping,NNW,177.1875,0.03908045977011494,60.43390804597701,98.86350574712644,6.117816091954023,36.13793103448276,683.1896551724138,76.49712643678161,961.2399425287356
2015-05-31,Changping,NNW,176.9551282051282,0.05598290598290598,53.30769230769231,87.73219373219374,6.071225071225071,28.492877492877493,640.8831908831909,91.57692307692308,908.0641025641025
2015-06-30,Changping,NNW,176.06334841628959,0.10271493212669684,57.425339366515836,74.14781297134239,4.306184012066365,24.491704374057313,771.6440422322776,90.44947209653093,1022.4645550527904
2015-07-31,Changping,NNW,170.4878048780488,0.367479674796748,56.18563685636856,66.54065040650407,4.242547425474255,23.329268292682926,606.3685636856369,102.15311653116531,858.819783197832
2015-08-31,Changping,NNW,170.38804945054946,0.10027472527472528,38.46565934065934,57.25686813186813,2.728021978021978,22.446428571428573,500.54945054945057,89.84615384615384,711.2925824175824
2015-09-30,Changping,NNW,196.80921052631578,0.21271929824561403,43.365497076023395,51.49707602339181,4.211988304093567,38.26608187134503,724.2690058479532,59.74269005847953,921.3523391812865
2015-10-31,Changping,NNW,214.1796875,0.018229166666666668,46.40277777777778,65.80034722222223,4.625,46.623263888888886,759.5486111111111,32.848958333333336,955.8489583333334
2015-11-30,Changping,ENE,179.00071633237823,0.08925501432664756,90.69054441260745,99.1919770773639,7.580229226361031,59.49570200573066,1867.9083094555874,12.203438395415473,2137.070200573066
2015-12-31,Changping,N,190.80633802816902,0.002676056338028169,121.22394366197183,147.356338028169,14.135211267605634,77.11408450704225,2673.239436619718,13.07887323943662,3046.1478873239435
2016-01-31,Changping,WNW,203.44897959183675,0.0004081632653061225,54.224489795918366,80.3687074829932,16.351020408163265,55.23945578231292,1492.108843537415,29.495238095238093,1727.7877551020408
2016-02-29,Changping,WNW,196.43333333333334,0.008,35.897777777777776,56.06074074074074,12.211851851851852,43.877037037037034,934.5185185185185,45.08296296296297,1127.648888888889
2016-03-31,Changping,NNW,181.7937062937063,0.0,73.24755244755245,124.23216783216783,12.309090909090909,60.302097902097906,1150.6293706293707,43.46573426573426,1464.186013986014
2016-04-30,Changping,ESE,169.51519536903038,0.012735166425470333,57.29811866859624,107.48335745296671,7.602026049204052,44.05933429811867,753.9797395079595,62.477568740955135,1032.9001447178002
2016-05-31,Changping,NNW,184.18169209431346,0.04979195561719833,49.803051317614425,77.16643550624133,6.087378640776699,34.472954230235786,590.4299583911235,85.88349514563107,843.8432732316228
2016-06-30,Changping,NNW,163.61587982832617,0.08125894134477825,53.010014306151646,67.21459227467811,3.8526466380543636,31.553648068669528,647.6394849785407,99.46638054363376,902.7367668097282
2016-07-31,Changping,ESE,164.0082644628099,0.3753443526170799,54.71349862258953,67.54132231404958,3.088154269972452,27.366391184573004,953.4435261707989,94.74242424242425,1200.8953168044077
2016-08-31,Changping,N,169.93006993006992,0.05524475524475524,34.69370629370629,50.525874125874125,2.928671328671329,26.86013986013986,857.7622377622378,77.6895104895105,1050.4601398601399
2016-09-30,Changping,NW,192.43150684931507,0.07747336377473364,44.25875190258752,56.25266362252663,3.4307458143074583,36.87366818873668,780.2130898021309,55.599695585996955,976.6286149162861
2016-10-31,Changping,NW,175.61360448807855,0.11486676016830295,80.04067321178121,96.41514726507714,3.4572230014025247,53.95792426367461,1164.37587657784,24.032258064516128,1422.2791023842917
2016-11-30,Changping,NNW,180.83810888252148,0.01318051575931232,87.31518624641834,121.58595988538681,10.0945558739255,62.67048710601719,1823.9255014326648,13.402578796561604,2118.9942693409744
2016-12-31,Changping,NNW,188.9810924369748,0.0,103.62745098039215,119.64565826330532,15.642857142857142,68.9873949579832,2268.2072829131653,14.34873949579832,2590.4593837535012
2017-01-31,Changping,NW,209.0518465909091,0.0,97.63352272727273,113.3409090909091,17.21590909090909,55.34090909090909,1905.1136363636363,29.53125,2218.1761363636365
2017-02-28,Changping,NNW,187.36175115207374,0.0026113671274961598,59.82642089093702,72.65284178187405,15.749615975422428,46.26267281105991,1132.7188940092167,37.59447004608295,1364.804915514593
2013-03-31,Dingling,ESE,144.90950226244343,0.03484162895927602,102.17345399698341,112.10105580693816,25.838612368024133,48.38763197586727,1065.6726998491704,67.96078431372548,1422.134238310709
2013-04-30,Dingling,ESE,145.20432692307693,0.017948717948717947,57.22596153846154,83.96153846153847,14.326923076923077,26.809294871794872,661.0400641025641,72.17646570512821,915.5402477564102
2013-05-31,Dingling,ESE,142.32982171799028,0.006320907617504053,76.257698541329,118.2965964343598,18.766612641815236,28.507293354943275,820.3760129659644,98.77802042139385,1160.9822343598055
2013-06-30,Dingling,E,142.70089285714286,0.15282738095238096,87.72619047619048,89.57142857142857,8.066964285714286,21.334821428571427,1156.1458333333333,82.11755952380952,1444.9627976190477
2013-07-31,Dingling,N,156.60714285714286,0.22285714285714286,55.97936507936508,58.63650793650794,4.287301587301587,15.511111111111111,786.1888888888889,83.33174603174604,1003.9349206349207
2013-08-31,Dingling,E,139.12444113263786,0.1150521609538003,53.73621460506706,55.23994038748137,5.052160953800298,13.028315946348734,722.3546944858421,87.3725782414307,936.7839046199701
2013-09-30,Dingling,N,152.4375,0.12088235294117647,63.108823529411765,62.65147058823529,5.572058823529412,22.429411764705883,872.6411764705882,53.955882352941174,1080.3588235294117
2013-11-30,Dingling,NW,192.45535714285714,0.0,34.708333333333336,67.51190476190476,22.708333333333332,33.69642857142857,570.5357142857143,33.317772619047616,762.4784869047619
2013-12-31,Dingling,NNW,197.31277533039648,0.0,55.30396475770925,67.61086637298091,33.04405286343612,42.90014684287812,1067.4008810572686,32.97417797356828,1299.2340898678415
2014-01-31,Dingling,NNW,182.22877358490567,0.0,78.34748427672956,105.33333333333333,39.61006289308176,41.5,1279.0880503144654,30.96069182389937,1574.8396226415093
2014-02-28,Dingling,NNW,181.88571428571427,0.0038095238095238095,158.01714285714286,148.68761904761905,40.23047619047619,45.3847619047619,1829.7142857142858,26.996190476190478,2249.0304761904763
2014-03-31,Dingling,NNW,188.21629213483146,0.0046348314606741575,85.24578651685393,115.72752808988764,23.0,30.394662921348313,1086.5168539325844,65.1811797752809,1406.066011235955
2014-04-30,Dingling,E,161.2826086956522,0.01144927536231884,87.44347826086957,116.54347826086956,11.388405797101449,29.733333333333334,680.5797101449275,94.2695652173913,1019.9579710144927
2014-05-31,Dingling,NNW,184.39330543933053,0.07824267782426779,48.00376569037657,72.918410041841,9.25299860529986,17.80418410041841,453.41701534170153,108.70488145048813,710.1012552301255
2014-06-30,Dingling,NNW,174.22566371681415,0.07050147492625368,40.08997050147492,42.682890855457224,4.107669616519174,13.684365781710914,442.4778761061947,114.12536873156343,657.1681415929204
2014-07-31,Dingling,E,157.97511312217193,0.07812971342383107,82.69321266968326,90.42066365007541,4.956862745098039,16.256410256410255,792.0060331825038,123.18808446455505,1109.5212669683258
2014-08-31,Dingling,NNW,179.13103448275862,0.06041379310344827,50.88537931034483,66.57048275862068,4.596551724137931,18.514620689655175,652.1379310344828,111.5326896551724,904.2376551724138
2014-09-30,Dingling,NNW,170.6058394160584,0.08905109489051095,54.08408759124087,70.38043795620437,5.027737226277372,19.342481751824817,711.970802919708,69.56890510948905,930.3744525547445
2014-10-31,Dingling,NNW,190.08620689655172,0.029655172413793104,117.1696551724138,126.16689655172414,6.500689655172414,35.14344827586207,1010.6206896551724,42.426206896551726,1338.0275862068966
2014-11-30,Dingling,NNW,199.006993006993,0.0,71.66405594405595,89.99706293706294,15.774825174825175,38.82517482517483,985.8741258741259,34.87748251748252,1237.0127272727273
2014-12-31,Dingling,WNW,211.49368863955118,0.0,46.8218793828892,64.48527349228611,19.994389901823283,26.771388499298737,935.0631136044881,39.72370266479663,1132.859747545582
2015-01-31,Dingling,NW,202.97071129707112,0.00041841004184100427,86.72510460251046,94.33458856345885,28.08870292887029,45.67057182705718,1480.6136680613668,30.99023709902371,1766.4228730822872
2015-02-28,Dingling,NNW,187.00236966824644,0.0067930489731437595,81.99210110584518,105.07582938388626,23.592417061611375,27.821484992101105,1210.5845181674565,54.06635071090047,1503.132701421801
2015-03-31,Dingling,NNW,172.02449567723343,0.0,75.49971181556197,126.8658501440922,14.680691642651297,26.500432276657058,905.9077809798271,71.82997118155619,1221.2844380403458
2015-04-30,Dingling,NNW,176.77641099855282,0.039363241678726485,55.59160636758322,91.51114327062228,6.488856729377714,20.486541244573083,526.1939218523878,92.73589001447178,793.0079594790159
2015-05-31,Dingling,NNW,178.6382393397524,0.05405777166437414,46.060522696011006,84.08734525447042,6.6341127922971115,16.09215955983494,547.7303988995874,108.7414030261348,809.3459422283356
2015-06-30,Dingling,NNW,175.98561151079136,0.09640287769784173,50.598273381294966,68.62028776978417,6.80431654676259,15.544172661870505,625.1798561151079,106.86187050359712,873.6087769784173
2015-07-31,Dingling,NNW,170.3835616438356,0.3715068493150685,49.675342465753424,64.15794520547945,4.905479452054794,17.334246575342465,484.7945205479452,103.81369863013698,724.6812328767124
2015-08-31,Dingling,NNW,170.82983193277312,0.10224089635854341,34.46638655462185,56.785714285714285,5.712885154061625,13.935574229691877,610.9243697478992,102.19327731092437,824.0182072829132
2015-09-30,Dingling,NNW,197.7683823529412,0.19808823529411768,37.45294117647059,47.80882352941177,3.677941176470588,17.351470588235294,585.0,77.07794117647059,768.3691176470588
2015-10-31,Dingling,NW,215.16016713091923,0.014623955431754874,53.05292479108635,67.73259052924791,7.908077994428969,25.422005571030642,853.3426183844011,62.58356545961003,1070.041782729805
2015-11-30,Dingling,ENE,177.9963503649635,0.09094890510948905,85.72262773722628,90.91532846715329,12.718248175182481,45.48905109489051,1747.4452554744526,15.722627737226277,1998.0131386861315
2015-12-31,Dingling,N,190.04978662873398,0.002844950213371266,119.82788051209104,129.5533428165007,15.496443812233286,51.92176386913229,2065.7183499288763,23.82788051209104,2406.3456614509246
2016-01-31,Dingling,WNW,204.7627478753541,0.000424929178470255,53.74645892351275,72.53824362606233,15.291784702549576,30.164305949008497,1325.3541076487252,45.45609065155807,1542.5509915014163
2016-02-29,Dingling,WNW,194.7167673716012,0.008157099697885197,33.6797583081571,50.30060422960725,9.250755287009063,14.290030211480362,656.9486404833837,67.3882175226586,831.8580060422961
2016-03-31,Dingling,NNW,179.45974576271186,0.0,84.20197740112994,132.5183615819209,12.423728813559322,34.01836158192091,1009.180790960452,64.25988700564972,1336.6031073446327
2016-04-30,Dingling,ESE,172.61870503597123,0.012661870503597123,60.40863309352518,114.90935251798561,6.939568345323741,26.168345323741008,664.6043165467626,83.75539568345324,956.7856115107913
2016-05-31,Dingling,NNW,184.62918660287082,0.05598086124401914,49.29824561403509,82.25518341307814,4.062200956937799,18.354066985645932,452.95055821371614,106.79904306220095,713.719298245614
2016-06-30,Dingling,N,163.2231104651163,0.08386627906976743,48.24563953488372,63.21075581395349,3.427325581395349,19.940406976744185,547.8197674418604,116.0188953488372,798.6627906976744
2016-07-31,Dingling,NNW,176.15546218487395,0.6456582633053222,39.78991596638655,45.0812324929972,2.134453781512605,12.061624649859944,654.0616246498599,87.55742296918767,840.6862745098039
2016-08-31,Dingling,N,169.84679665738162,0.06615598885793872,37.12395543175487,44.590529247910865,2.215877437325905,8.678272980501394,629.66573816156,82.1100278551532,804.3844011142062
2016-09-30,Dingling,NW,189.9393203883495,0.07718446601941747,43.666666666666664,50.63592233009709,2.8624595469255665,12.042071197411003,443.20388349514565,71.6747572815534,624.0857605177994
2016-10-31,Dingling,NW,174.27272727272728,0.13421487603305784,76.00330578512397,85.34380165289257,2.828099173553719,23.940495867768593,861.8181818181819,36.816528925619835,1086.7504132231404
2016-11-30,Dingling,NNW,180.1283880171184,0.013124108416547788,75.85021398002853,99.64194008559201,8.997146932952925,44.59343794579173,1326.676176890157,26.062767475035663,1581.8216833095578
2016-12-31,Dingling,NNW,188.54627071823205,0.0,95.22513812154696,105.95580110497238,14.189226519337016,55.831491712707184,1774.4475138121547,26.2707182320442,2071.9198895027625
2017-01-31,Dingling,NW,207.0905172413793,0.0,82.38936781609195,92.29885057471265,13.926724137931034,40.360632183908045,1417.816091954023,46.73994252873563,1693.5316091954023
2017-02-28,Dingling,NNW,185.6935975609756,0.003048780487804878,53.82012195121951,64.73018292682927,12.606707317073171,27.722560975609756,875.0,61.80030487804878,1095.6798780487804
2013-03-31,Dongsi,N,136.86889250814332,0.008631921824104234,109.50488599348535,133.93322475570034,41.57328990228013,78.26221498371335,1534.998371335505,58.4071661237785,1956.6791530944624
2013-04-30,Dongsi,NW,173.08714918759233,0.012998522895125555,65.74002954209749,98.66617429837518,22.48301329394387,44.106752880354506,968.5937961595273,69.32070723781388,1268.9104734121122
2013-05-31,Dongsi,SW,161.51438848920864,0.0035971223021582736,91.34676258992806,131.57553956834533,31.237410071942445,50.663309352517985,1154.2920863309353,98.69064489208634,1557.8057528057554
2013-06-30,Dongsi,E,125.67073170731707,0.17268292682926828,105.31219512195122,118.20487804878049,21.746341463414634,55.88292682926829,1749.0780487804877,63.136585365853655,2113.360975609756
2013-08-31,Dongsi,E,139.44767441860466,0.045116279069767444,62.91162790697675,88.53488372093024,9.986046511627906,43.276744186046514,1114.8837209302326,114.63255813953488,1434.2255813953489
2013-09-30,Dongsi,ENE,134.43832599118943,0.07856093979441997,84.80469897209986,98.75477239353891,12.04258443465492,59.37444933920705,1399.7004405286343,54.01908957415565,1708.6960352422907
2013-10-31,Dongsi,NE,139.17525773195877,0.032106038291605306,104.69661266568482,113.58321060382916,22.55817378497791,72.33578792341679,1369.3667157584684,32.12775817378498,1714.668258910162
2013-11-30,Dongsi,ENE,160.55084745762713,0.0,102.54915254237288,110.61694915254238,25.613559322033897,70.1593220338983,1442.3728813559321,20.97489966101695,1772.2867640677966
2013-12-31,Dongsi,NW,173.05369127516778,0.0,84.9261744966443,106.11073825503355,45.96979865771812,68.53355704697987,1964.765100671141,26.143093288590606,2296.4484624161073
2014-01-31,Dongsi,ENE,142.6235294117647,0.0,113.10117647058823,107.30823529411765,55.44,65.32705882352941,2198.1176470588234,19.275294117647057,2558.569411764706
2014-02-28,Dongsi,NW,173.1048387096774,0.017741935483870968,113.93548387096774,91.54838709677419,43.516129032258064,55.08064516129032,1641.9354838709678,43.564516129032256,1989.5806451612902
2014-03-31,Dongsi,ENE,152.11354309165526,0.0008207934336525308,99.25991792065663,130.27222982216142,37.729138166894664,60.85499316005472,1491.9288645690835,52.04924760601915,1872.09439124487
2014-04-30,Dongsi,SW,162.4367088607595,0.028270042194092827,89.54149085794656,147.73277074542898,20.48663853727145,55.654008438818565,991.9831223628692,71.01969057665261,1376.4177215189873
2014-05-31,Dongsi,ESE,174.2,0.06844444444444445,61.62503703703704,126.46785185185186,15.162666666666665,47.075259259259255,882.6666666666666,82.76014814814815,1215.7576296296297
2014-06-30,Dongsi,E,142.56849315068493,0.19056316590563166,59.80213089802131,80.55555555555556,8.707762557077626,46.99391171993912,981.8873668188737,93.88432267884323,1271.8310502283105
2014-07-31,Dongsi,E,148.8531799729364,0.09296346414073071,99.20974289580514,99.20974289580514,9.290933694181327,43.27063599458728,1062.1109607577807,92.59539918809202,1405.6874154262516
2014-08-31,Dongsi,ENE,136.06275303643724,0.08097165991902834,69.63792172739541,81.99811066126856,7.539001349527664,47.776788124156546,987.4493927125507,90.53670715249662,1284.9379217273954
2014-09-30,Dongsi,E,135.12587412587413,0.15538461538461537,67.80825174825175,94.81524475524475,9.93020979020979,55.85286713286714,1164.6153846153845,54.86377622377622,1447.8857342657343
2014-10-31,Dongsi,E,123.16915760869566,0.020244565217391305,116.96603260869566,158.41576086956522,11.876358695652174,78.16032608695652,1522.2826086956522,25.35733695652174,1913.0584239130435
2014-11-30,Dongsi,NW,162.51753155680225,0.0011220196353436186,82.08709677419354,134.9750350631136,19.377138849929874,64.92089761570827,1740.2524544179523,22.53169705469846,2064.144319775596
2014-12-31,Dongsi,NW,186.49222065063648,0.0,53.03479490806223,97.88387553041018,29.777510608203677,50.9041018387553,1644.8373408769448,28.344130127298442,1904.7817538896745
2015-01-31,Dongsi,ENE,146.46694214876032,0.0002754820936639119,101.13168044077136,116.23305785123966,35.83374655647383,64.13347107438017,1960.4683195592286,23.07190082644628,2300.87217630854
2015-02-28,Dongsi,ENE,156.1520737327189,0.013364055299539173,110.45468509984639,131.1720430107527,28.6605222734255,51.02764976958525,1545.7757296466973,34.193548387096776,1901.284178187404
2015-03-31,Dongsi,SW,161.99380165289256,0.009090909090909092,93.63264462809917,167.9064738292011,24.08801652892562,52.24752066115702,1366.2534435261707,45.87727272727273,1750.0053719008263
2015-04-30,Dongsi,SW,171.27485795454547,0.0565340909090909,76.62073863636364,123.02414772727273,12.160511363636363,44.93892045454545,849.1477272727273,72.69744318181819,1178.5894886363637
2015-05-31,Dongsi,SW,172.79745042492917,0.0528328611898017,59.92917847025496,91.8314447592068,11.011331444759207,40.30878186968839,759.2067988668555,89.73654390934844,1052.0240793201133
2015-06-30,Dongsi,E,157.018544935806,0.1225392296718973,65.59914407988587,81.54778887303851,8.536376604850213,38.9358059914408,1162.910128388017,91.90442225392297,1449.4336661911555
2015-07-31,Dongsi,E,136.6768292682927,0.27235772357723576,69.07181571815718,82.72764227642277,5.2710027100271,37.924119241192415,955.9620596205962,95.56775067750678,1246.5243902439024
2015-08-31,Dongsi,ENE,128.35714285714286,0.1273469387755102,49.29795918367347,68.79183673469387,3.7687074829931975,33.05986394557823,839.047619047619,90.07619047619048,1084.0421768707483
2015-09-30,Dongsi,ENE,139.84913793103448,0.14195402298850573,52.581896551724135,69.23275862068965,6.290229885057471,48.31609195402299,900.8620689655172,56.173850574712645,1133.4568965517242
2015-10-31,Dongsi,NE,171.6243131868132,0.019505494505494506,79.7706043956044,104.82554945054945,7.243131868131868,58.57142857142857,998.0769230769231,36.06181318681319,1284.5494505494505
2015-11-30,Dongsi,ENE,118.53581460674157,0.052808988764044947,125.94522471910112,133.08426966292134,15.910112359550562,61.90308988764045,1990.1685393258426,14.067415730337078,2341.078651685393
2015-12-31,Dongsi,ENE,134.81456043956044,0.0028846153846153848,160.8653846153846,171.20054945054946,23.701923076923077,73.09065934065934,2731.1813186813188,14.086538461538462,3174.1263736263736
2016-01-31,Dongsi,NNW,160.64939434724093,0.0006729475100942127,69.43337819650067,88.06056527590847,19.79542395693136,49.86541049798116,1466.8909825033647,28.928667563930013,1722.9744279946165
2016-02-29,Dongsi,NW,179.57111436950146,0.01847507331378299,42.604105571847505,61.23020527859237,15.183284457478006,33.90909090909091,901.4662756598241,48.740469208211145,1103.133431085044
2016-03-31,Dongsi,ENE,157.24540311173973,0.0,100.57850070721358,146.01131541725601,20.55869872701556,57.547383309759546,1298.019801980198,48.64922206506365,1671.3649222065064
2016-04-30,Dongsi,NW,167.4418604651163,0.006976744186046512,76.21802325581395,117.89825581395348,10.837209302325581,43.946220930232556,839.8255813953489,74.4375,1163.1627906976744
2016-05-31,Dongsi,SW,183.07412790697674,0.0438953488372093,65.32558139534883,87.31976744186046,9.847383720930232,42.46656976744186,865.2616279069767,93.38953488372093,1163.610465116279
2016-06-30,Dongsi,E,146.6549295774648,0.10672926447574335,60.60250391236307,73.35680751173709,5.236306729264475,39.25978090766823,836.3067292644757,104.96244131455398,1119.7245696400626
2016-07-31,Dongsi,NE,126.60830618892508,0.4574918566775244,78.42996742671009,81.34201954397395,4.441368078175896,36.4771986970684,1050.0,92.05700325732899,1342.7475570032573
2016-08-31,Dongsi,NE,142.3170731707317,0.07303523035230353,51.18834688346883,58.079945799457995,3.1016260162601625,39.78455284552845,962.3306233062331,80.90243902439025,1195.3875338753387
2016-09-30,Dongsi,NE,117.29229607250755,0.17386706948640482,59.94108761329305,70.83383685800604,4.04833836858006,50.7583081570997,884.1389728096676,58.83534743202417,1128.5558912386707
2016-10-31,Dongsi,NE,139.58515283842794,0.10422125181950509,94.41775836972343,119.96943231441048,6.403202328966521,65.07860262008734,1239.4468704512374,23.717612809315867,1549.033478893741
2016-11-30,Dongsi,ENE,136.76282051282053,0.007549857549857549,108.9045584045584,140.9145299145299,14.783475783475783,70.21225071225071,1847.008547008547,14.027065527065528,2195.8504273504273
2016-12-31,Dongsi,NE,128.14404432132963,0.0,151.6454293628809,189.8573407202216,22.49584487534626,82.16481994459834,2627.0083102493077,14.763157894736842,3087.934903047091
2017-01-31,Dongsi,NE,151.42857142857142,0.00043290043290043295,120.41558441558442,149.58585858585857,20.774891774891774,62.2020202020202,1943.001443001443,35.74891774891775,2331.7287157287155
2017-02-28,Dongsi,NE,161.42688679245282,0.005345911949685534,76.6493710691824,103.88207547169812,19.514150943396228,51.39150943396226,1177.8301886792453,44.62893081761006,1473.8962264150944
2013-03-31,Guanyuan,NE,130.09206798866856,0.02762039660056657,103.57932011331445,129.45184135977337,45.757790368271955,73.79461756373938,1501.9787535410765,59.889518413597735,1914.4518413597734
2013-04-30,Guanyuan,SW,164.38235294117646,0.018319327731092436,62.13949579831933,96.01680672268908,22.74069512605042,53.33954957983193,941.9361344537815,62.668368067226886,1238.8410497478992
2013-05-31,Guanyuan,SW,169.79334677419354,0.010282258064516128,86.62903225806451,131.2923387096774,29.95766129032258,56.721774193548384,963.0423387096774,89.36245967741935,1357.0056048387098
2013-06-30,Guanyuan,NE,123.03260869565217,0.13275362318840578,109.09420289855072,124.43333333333334,14.428985507246377,50.01014492753623,1338.2536231884058,71.89533855072465,1708.115628405797
2013-07-31,Guanyuan,NE,145.16692546583852,0.33509316770186337,68.17546583850931,79.05745341614907,9.863354037267081,42.287267080745345,877.6226708074535,78.60093167701864,1155.607142857143
2013-08-31,Guanyuan,NE,146.375,0.16319444444444445,62.06388888888889,82.15138888888889,7.245833333333334,45.263888888888886,727.7777777777778,83.76527777777778,1008.2680555555555
2013-09-30,Guanyuan,NE,120.44680851063829,0.07985815602836879,78.47801418439717,98.30780141843972,9.794326241134751,56.782978723404256,1106.655319148936,46.639716312056734,1396.6581560283687
2013-10-31,Guanyuan,NE,104.47674418604652,0.005232558139534884,100.88953488372093,122.96511627906976,14.757751937984496,69.73255813953489,1326.937984496124,25.89921899224806,1661.1821647286822
2013-11-30,Guanyuan,NE,149.90409207161125,0.0,73.44501278772378,98.51662404092072,23.751918158567776,59.468030690537084,1264.1943734015344,20.235740664961636,1539.6116997442457
2013-12-31,Guanyuan,NE,148.90625,0.0,85.70833333333333,121.87152777777777,47.77777777777778,79.63194444444444,1977.7777777777778,14.965277777777779,2327.7326388888887
2014-01-31,Guanyuan,NE,132.7027972027972,0.0,102.04195804195804,134.13006993006994,55.95804195804196,75.02377622377622,1963.3566433566434,16.047552447552448,2346.558041958042
2014-02-28,Guanyuan,NE,116.25626043405676,0.009515859766277128,144.9465776293823,150.8363939899833,62.080133555926544,73.89482470784641,2147.746243739566,19.42237061769616,2598.9265442404007
2014-03-31,Guanyuan,NE,133.7603305785124,0.0012396694214876034,93.68732782369146,132.7520661157025,36.88980716253444,73.35123966942149,1383.8842975206612,43.70385674931129,1764.2685950413222
2014-04-30,Guanyuan,SW,158.5108695652174,0.017391304347826087,90.1376811594203,137.30869565217392,18.571014492753623,67.5072463768116,927.1014492753624,73.79855072463768,1314.4246376811593
2014-05-31,Guanyuan,SW,142.98496240601503,0.0843609022556391,65.07172932330826,127.1054135338346,15.86872180451128,56.744661654135335,997.7443609022556,93.92766917293233,1356.4625563909774
2014-06-30,Guanyuan,ENE,145.57069219440353,0.20191458026509573,58.76288659793814,75.93667157584683,7.431516936671576,45.18556701030928,984.5360824742268,101.899852724595,1273.7525773195875
2014-07-31,Guanyuan,SW,160.13399153737657,0.08547249647390691,88.54301833568407,110.85331452750353,7.643159379407616,41.7277856135402,1065.7263751763046,98.87729196050776,1413.370944992948
2014-08-31,Guanyuan,ENE,143.61486486486487,0.0894894894894895,73.76516516516516,92.63738738738739,5.488438438438439,50.56246246246246,978.0780780780781,96.02762762762762,1296.5591591591592
2014-09-30,Guanyuan,ENE,142.0531914893617,0.09092198581560283,70.83078014184397,88.63219858156027,7.361702127659575,58.199290780141844,1092.4822695035461,53.347801418439715,1370.8540425531914
2014-10-31,Guanyuan,ENE,113.32012678288432,0.02028526148969889,133.32329635499207,150.63074484944534,8.638668779714738,81.40887480190175,1454.675118858954,25.343898573692552,1854.0206022187006
2014-11-30,Guanyuan,ENE,127.1822033898305,0.0009887005649717514,88.66553672316384,117.23912429378531,19.25466101694915,78.82966101694916,1668.6440677966102,19.112994350282484,1991.7460451977402
2014-12-31,Guanyuan,NNW,156.3125,0.0,60.048611111111114,82.975,33.71111111111111,65.0111111111111,1670.8333333333333,23.241666666666667,1935.8208333333334
2015-01-31,Guanyuan,ENE,125.88255494505495,0.0002747252747252747,95.42472527472528,106.2800824175824,38.74876373626373,77.36126373626374,1898.901098901099,18.713873626373626,2235.4298076923073
2015-02-28,Guanyuan,NE,143.52377300613497,0.010736196319018405,94.44018404907976,116.40337423312883,29.809815950920246,61.70398773006135,1489.2638036809815,31.608895705521473,1823.2300613496932
2015-03-31,Guanyuan,SW,162.4931506849315,0.003287671232876712,85.12986301369864,137.15164383561643,22.743561643835616,59.58068493150685,1192.7397260273972,45.45876712328767,1542.8042465753426
2015-04-30,Guanyuan,SW,169.3231441048035,0.05836972343522561,73.86899563318778,121.68704512372635,9.788937409024745,47.10043668122271,809.315866084425,77.17321688500728,1138.9344978165939
2015-05-31,Guanyuan,SW,172.1359223300971,0.051733703190013865,55.382801664355064,107.06796116504854,8.816920943134535,40.49237170596394,749.5145631067961,94.67683772538142,1055.9514563106795
2015-06-30,Guanyuan,E,157.72120786516854,0.13525280898876405,61.889044943820224,83.37780898876404,6.509831460674158,39.00983146067416,1173.314606741573,91.93258426966293,1456.0337078651685
2015-07-31,Guanyuan,E,136.79752066115702,0.27121212121212124,67.27134986225896,80.29752066115702,5.315426997245179,39.988980716253444,973.9669421487604,100.24104683195593,1267.081267217631
2015-08-31,Guanyuan,ENE,127.5206043956044,0.1285714285714286,51.402472527472526,69.74725274725274,3.4368131868131866,40.092032967032964,892.7197802197802,97.13461538461539,1154.532967032967
2015-09-30,Guanyuan,ENE,140.060888252149,0.14154727793696276,52.606017191977074,67.8810888252149,5.027220630372493,46.7836676217765,876.3610315186246,59.878223495702,1108.5372492836677
2015-10-31,Guanyuan,NE,171.0608108108108,0.019189189189189187,74.84864864864865,94.04594594594595,6.025675675675676,58.65675675675676,954.1891891891892,37.96891891891892,1225.7351351351351
2015-11-30,Guanyuan,ENE,118.4427966101695,0.053107344632768366,121.67937853107344,129.1045197740113,10.94774011299435,64.90536723163842,1949.5762711864406,11.432203389830509,2287.6454802259886
2015-12-31,Guanyuan,ENE,135.03082191780823,0.0028767123287671234,156.05479452054794,167.53835616438357,22.79041095890411,83.8972602739726,2829.8630136986303,12.419178082191781,3272.56301369863
2016-01-31,Guanyuan,NNW,160.61911170928667,0.0006729475100942127,67.3014804845222,84.95827725437415,23.43606998654105,56.950201884253026,1489.3674293405115,23.114401076716018,1745.127860026918
2016-02-29,Guanyuan,NW,179.30921052631578,0.018421052631578946,41.31578947368421,57.182748538011694,15.14327485380117,40.083333333333336,921.9298245614035,43.37134502923977,1119.0263157894738
2016-03-31,Guanyuan,ENE,159.21875,0.0,96.34027777777777,145.70555555555555,19.45138888888889,62.956944444444446,1262.5,43.518055555555556,1630.4722222222222
2016-04-30,Guanyuan,NW,165.78947368421052,0.006827880512091039,73.78947368421052,129.2873399715505,11.163584637268848,47.60170697012802,796.1593172119487,69.39687055476529,1127.3982930298719
2016-05-31,Guanyuan,SW,181.8987341772152,0.0479606188466948,57.030942334739805,101.86919831223629,10.045007032348805,41.88748241912799,744.3037974683544,93.32911392405063,1048.465541490858
2016-06-30,Guanyuan,E,146.29733520336606,0.10014025245441796,66.3352033660589,86.4039270687237,5.765778401122019,40.41374474053296,831.6970546984572,108.30294530154278,1138.9186535764377
2016-07-31,Guanyuan,NE,133.30049261083744,0.4845648604269294,74.16420361247947,83.45155993431855,5.083743842364532,38.2183908045977,924.1379310344828,92.17241379310344,1217.2282430213465
2016-08-31,Guanyuan,ENE,142.22222222222223,0.07393689986282578,48.76131687242798,65.3923182441701,3.9684499314128945,41.06721536351166,865.4320987654321,81.22633744855968,1105.8477366255145
2016-09-30,Guanyuan,NE,115.295245398773,0.17653374233128832,57.438650306748464,76.67331288343559,3.8420245398773005,52.010736196319016,800.920245398773,56.0260736196319,1046.9110429447853
2016-10-31,Guanyuan,NE,139.6058091286307,0.12088520055325036,87.34716459197787,111.26694329183955,5.159059474412172,63.69986168741355,1164.8686030428769,21.68603042876902,1454.0276625172892
2016-11-30,Guanyuan,ENE,137.46835443037975,0.007454289732770745,107.14345991561181,147.14627285513362,13.476793248945148,71.36708860759494,1701.8284106891701,13.29676511954993,2054.2587904360057
2016-12-31,Guanyuan,NE,128.53163686382393,0.0,143.86932599724898,165.7414030261348,21.810178817056396,86.93672627235213,2514.9931224209076,14.56946354883081,2947.920220082531
2017-01-31,Guanyuan,NE,151.3876651982379,0.00044052863436123355,112.71071953010279,131.47430249632893,21.295154185022028,68.78120411160059,1773.8619676945668,42.33773861967695,2150.461086637298
2017-02-28,Guanyuan,NE,161.69431279620852,0.00363349131121643,72.13428120063192,89.92101105845181,21.230647709320696,57.91785150078989,1011.216429699842,49.669826224328595,1302.090047393365
2013-03-31,Gucheng,NE,144.79782270606532,0.02332814930015552,112.01555209953344,150.37480559875584,38.06998444790047,76.86314152410576,1708.8164852255054,59.01555209953344,2145.1555209953344
2013-04-30,Gucheng,W,164.09365558912387,0.015105740181268883,65.95166163141994,110.72658610271904,18.987697885196376,53.10693096676737,939.3459214501511,61.312191842900305,1249.4309898791541
2013-05-31,Gucheng,N,161.42727272727274,0.013272727272727273,82.47636363636363,145.85636363636362,22.007272727272728,60.59818181818182,1001.1836363636363,83.80557963636363,1395.9273978181818
2013-06-30,Gucheng,N,136.31944444444446,0.07546296296296295,107.52314814814815,134.27006172839506,9.683641975308642,62.72530864197531,1386.6003086419753,77.47685185185185,1778.2793209876543
2013-07-31,Gucheng,N,156.36435331230285,0.31955835962145107,65.83438485804416,88.56309148264984,4.235015772870662,47.88485804416404,999.9858044164038,78.29022082018928,1284.7933753943219
2013-08-31,Gucheng,N,155.1083916083916,0.09496503496503497,58.31608391608392,89.51188811188811,3.7118881118881117,44.45734265734266,903.6363636363636,82.1986013986014,1181.832167832168
2013-09-30,Gucheng,N,132.4185552407932,0.16090651558073654,78.53541076487252,98.8257790368272,6.63456090651558,60.8399433427762,1176.1926345609065,46.093484419263454,1467.1218130311615
2013-10-31,Gucheng,N,105.91735537190083,0.011074380165289256,96.40495867768595,119.61322314049586,10.168595041322314,73.16528925619835,1321.98347107438,28.189912727272727,1649.5254499173554
2013-11-30,Gucheng,N,159.94640122511484,0.00030627871362940275,81.08728943338438,97.00765696784073,21.346094946401227,66.96784073506892,1595.5589586523736,25.27409709035222,1887.241937825421
2013-12-31,Gucheng,W,190.2391304347826,0.0,83.5072463768116,110.19420289855073,46.153623188405795,78.86666666666666,2463.478260869565,27.515513623188404,2809.715513623188
2014-01-31,Gucheng,W,156.8515850144092,0.0,103.38328530259366,124.13112391930835,52.80691642651297,75.65129682997119,2694.956772334294,31.377521613832855,3082.306916426513
2014-02-28,Gucheng,W,153.79324546952225,0.011696869851729819,151.24217462932455,149.4151565074135,52.92915980230642,75.99670510708403,2410.708401976936,32.88467874794069,2873.1762767710047
2014-03-31,Gucheng,W,149.1642547033285,0.0011577424023154848,100.24602026049205,158.18379160636758,31.50506512301013,73.36613603473228,1639.0738060781475,48.494934876989866,2050.8697539797395
2014-04-30,Gucheng,S,161.95347119645496,0.013146233382570163,94.65583456425406,176.76957163958642,15.060561299852289,71.89660265878878,1018.0206794682423,61.847858197932055,1438.251107828656
2014-05-31,Gucheng,N,156.29821958456972,0.07566765578635015,68.7186943620178,145.46780415430268,15.064836795252226,58.531008902077154,884.7181008902077,87.44777448071217,1259.9482195845696
2014-06-30,Gucheng,N,141.4468085106383,0.12226950354609929,56.723404255319146,90.87943262411348,3.025531914893617,45.143262411347514,832.1985815602837,97.26524822695035,1125.2354609929077
2014-07-31,Gucheng,N,146.61784741144413,0.09495912806539508,91.26702997275204,138.28201634877385,4.446866485013624,45.440054495912804,913.8964577656676,101.62806539509536,1294.9604904632154
2014-08-31,Gucheng,N,140.3658536585366,0.05365853658536585,65.20447154471545,106.4669376693767,3.956233062330623,43.1020325203252,835.7723577235772,102.2020325203252,1156.7040650406504
2014-09-30,Gucheng,N,140.41202672605792,0.03964365256124722,62.277728285077956,112.40244988864141,4.632516703786192,54.95523385300668,861.9153674832962,61.806236080178174,1157.9895322939867
2014-10-31,Gucheng,N,126.25,0.015989159891598916,124.8048780487805,163.85230352303523,8.222222222222221,78.25745257452574,1425.2032520325204,27.550135501355015,1827.8902439024391
2014-11-30,Gucheng,N,156.86797752808988,0.0002808988764044944,90.42949438202248,138.92780898876404,19.03047752808989,69.24171348314607,1806.741573033708,23.680898876404495,2148.0519662921347
2014-12-31,Gucheng,WNW,197.08623087621697,0.0,58.313630041724615,96.95271210013908,30.261474269819193,54.81084840055633,1746.5924895688456,28.43115438108484,2015.3623087621697
2015-01-31,Gucheng,WNW,161.90816326530611,0.0,95.57768707482994,115.31795918367347,35.808027210884354,67.53292517006803,2062.8571428571427,23.94938775510204,2401.0431292517005
2015-02-28,Gucheng,WNW,182.078025477707,0.011464968152866243,93.61942675159236,122.45700636942675,28.321656050955415,48.310509554140125,1569.2675159235669,38.654458598726116,1900.6305732484077
2015-03-31,Gucheng,WNW,190.7336578581363,0.00041724617524339366,88.08386648122392,155.40611961057024,22.489847009735744,52.33059805285118,1334.6314325452017,50.02962447844229,1702.971488178025
2015-04-30,Gucheng,SW,176.74892703862662,0.04306151645207439,72.07010014306151,126.28469241773963,9.11444921316166,46.24320457796853,799.5708154506437,77.31902718168813,1130.6022889842632
2015-05-31,Gucheng,SSW,177.52747252747253,0.04739010989010989,57.73076923076923,113.3173076923077,8.461538461538462,40.27335164835165,711.5384615384615,96.4217032967033,1027.743131868132
2015-06-30,Gucheng,NE,165.92900302114805,0.11178247734138973,64.190332326284,94.88368580060423,6.361027190332326,41.17522658610272,1166.9184290030212,100.03323262839879,1473.5619335347433
2015-07-31,Gucheng,NW,170.1868206521739,0.2565217391304348,61.66304347826087,85.34782608695652,3.4347826086956523,37.53532608695652,669.0217391304348,112.32472826086956,969.3274456521739
2015-08-31,Gucheng,NW,182.4251497005988,0.14850299401197606,45.96556886227545,75.26047904191617,2.31437125748503,32.30988023952096,801.6467065868263,103.51047904191617,1061.0074850299402
2015-09-30,Gucheng,NW,197.36959761549926,0.28017883755588674,50.04172876304024,76.53353204172876,4.1698956780923995,39.499254843517136,704.4709388971684,61.7973174366617,936.5126676602086
2015-10-31,Gucheng,NW,212.59259259259258,0.018518518518518517,77.36899862825788,110.30315500685872,4.965706447187928,53.94924554183813,946.9135802469136,40.48559670781893,1233.9862825788753
2015-11-30,Gucheng,NE,152.21798780487805,0.07347560975609757,130.6204268292683,136.89939024390245,11.801829268292684,59.50914634146341,1923.3231707317073,11.878048780487806,2274.0320121951218
2015-12-31,Gucheng,WNW,183.66133518776078,0.005563282336578581,165.7607788595271,179.0,23.343532684283726,74.42976356050069,3218.915159944367,12.872044506258693,3674.3212795549375
2016-01-31,Gucheng,NNE,152.26960110041264,0.0,76.82530949105914,96.51031636863824,24.676753782668502,48.759284731774414,1725.8596973865199,31.894085281980743,2004.525447042641
2016-02-29,Gucheng,NW,179.12083936324169,0.011722141823444283,43.25180897250362,60.03473227206946,16.419681620839363,28.121562952243124,1004.4862518089725,50.7163531114327,1203.0303907380608
2016-03-31,Gucheng,N,155.53009575923392,0.0,98.37619699042408,151.72093023255815,18.874145006839946,53.64705882352941,1273.0506155950752,52.02599179206566,1647.6949384404925
2016-04-30,Gucheng,SSW,159.4862518089725,0.009406657018813314,72.2590448625181,134.52532561505066,8.90014471780029,47.55426917510854,776.8451519536903,71.9218523878437,1112.0057887120115
2016-05-31,Gucheng,SSW,168.23793103448276,0.034896551724137935,59.30206896551724,104.82206896551725,7.942068965517241,40.29379310344827,659.448275862069,100.68827586206896,972.4965517241379
2016-06-30,Gucheng,SSW,136.29564606741573,0.07570224719101123,64.6811797752809,97.66011235955057,4.564606741573034,42.13623595505618,732.443820224719,116.17696629213484,1057.6629213483145
2016-07-31,Gucheng,SSW,123.96341463414635,0.48252032520325205,70.18563685636856,93.289972899729,2.817073170731707,37.50948509485095,819.2411924119241,107.7560975609756,1130.79945799458
2016-08-31,Gucheng,SSW,140.140218878249,0.07482900136798905,47.78248974008208,75.53488372093024,2.573187414500684,38.44322845417236,776.7441860465116,80.94938440492476,1022.0273597811217
2016-09-30,Gucheng,NE,121.80533117932148,0.12342487883683362,58.76898222940226,90.63004846526655,2.521809369951535,45.2843295638126,797.0920840064621,52.54119547657512,1046.83844911147
2016-10-31,Gucheng,NE,147.92355371900825,0.13829201101928376,93.05509641873279,112.01239669421487,2.9159779614325068,59.85950413223141,1148.0716253443527,18.986225895316803,1434.900826446281
2016-11-30,Gucheng,NNE,146.26609442060087,0.017453505007153074,105.37625178826896,143.6680972818312,11.989985693848356,72.60944206008584,1836.623748211731,15.589413447782546,2185.8569384835478
2016-12-31,Gucheng,NE,134.74930362116993,0.0,135.3816155988858,166.15041782729804,17.403899721448468,83.89972144846797,2511.142061281337,15.11142061281337,2929.089136490251
2017-01-31,Gucheng,NW,206.72268907563026,0.0,123.78711484593838,149.1064425770308,21.249299719887954,68.66386554621849,2247.4789915966385,25.442577030812323,2635.728291316527
2017-02-28,Gucheng,N,153.62559241706163,0.004107424960505529,73.97630331753554,99.20063191153238,19.838862559241708,54.821484992101105,1297.3143759873617,32.7519747235387,1577.9036334913112
2013-03-31,Huairou,WNW,174.66458658346335,0.0202808112324493,100.8034321372855,122.66146645865835,34.44461778471139,52.297971918876755,1221.2496099843993,62.36973478939158,1593.8268330733229
2013-04-30,Huairou,WNW,184.26795580110496,0.021915285451197055,67.89686924493554,109.77716390423572,22.830570902394108,33.828729281767956,865.8692449355433,67.67045819521178,1167.8730364640885
2013-05-31,Huairou,WNW,190.70063694267515,0.008067940552016985,72.94904458598727,135.25265392781316,23.35244161358811,38.32271762208068,943.6815286624204,106.23354564755839,1319.791932059448
2013-06-30,Huairou,W,191.84628975265016,0.207773851590106,85.32155477031802,128.21554770318022,11.13250883392226,28.75441696113074,1210.3074204946997,71.12367491166077,1534.8551236749117
2013-07-31,Huairou,WNW,173.26704545454547,0.2706439393939394,72.72727272727273,99.94507575757575,5.785984848484849,17.49621212121212,971.5757575757576,86.16477272727273,1253.6950757575758
2013-08-31,Huairou,WNW,167.92763157894737,0.1087719298245614,58.30263157894737,77.47953216374269,4.211988304093567,21.211988304093566,744.8830409356725,71.02485380116958,977.1140350877193
2013-09-30,Huairou,WNW,188.97341211225998,0.05583456425406203,68.00886262924668,88.64697193500739,7.921713441654357,32.06794682422452,1005.3131462333826,49.3042836041359,1251.2629246676513
2013-10-31,Huairou,WNW,199.8913043478261,0.017971014492753623,75.04782608695652,94.88550724637682,10.789855072463768,40.02608695652174,883.1884057971015,36.50872231884058,1140.446403478261
2013-11-30,Huairou,WNW,216.14361702127658,0.0,57.22644376899696,74.76443768996961,20.074468085106382,47.45592705167173,993.4650455927052,36.62333556231003,1229.6096577507599
2013-12-31,Huairou,WNW,190.1968796433878,0.0,60.952451708766716,72.12630014858841,37.93907875185735,48.36849925705795,1396.7310549777117,29.387191084695395,1645.5045759286777
2014-01-31,Huairou,WNW,202.8862660944206,0.0,88.34620886981402,104.8068669527897,47.832618025751074,56.091559370529325,1509.1559370529328,26.367668097281832,1832.6008583690987
2014-02-28,Huairou,WNW,187.25935828877004,0.00784313725490196,144.5632798573975,140.37611408199643,56.66488413547237,57.470588235294116,1852.9411764705883,36.06951871657754,2288.085561497326
2014-03-31,Huairou,WNW,190.44642857142858,0.006730769230769231,89.1826923076923,118.61538461538461,30.126373626373628,46.160714285714285,1116.3461538461538,62.620879120879124,1463.0521978021977
2014-04-30,Huairou,WNW,177.4468085106383,0.02,84.87801418439716,129.79148936170213,13.645390070921986,42.12624113475177,811.3475177304964,80.22269503546099,1162.0113475177304
2014-05-31,Huairou,WNW,190.58623298033282,0.06399394856278366,51.55915279878971,91.95612708018155,9.665658093797276,28.243872919818457,722.0877458396369,96.17473524962179,999.6872919818458
2014-06-30,Huairou,WNW,173.59982332155477,0.13674911660777384,45.436395759717314,66.30565371024736,4.588339222614841,21.558303886925795,727.3851590106007,111.58480565371025,976.8586572438163
2014-07-31,Huairou,WNW,161.84438040345822,0.17881844380403458,97.15893371757926,116.87939481268012,4.554755043227666,22.74265129682997,957.7809798270894,114.69394812680116,1313.8106628242074
2014-08-31,Huairou,WNW,173.40045592705167,0.026595744680851064,56.38738601823709,75.73920972644378,4.199088145896656,22.609726443769,755.0151975683891,110.09224924012157,1024.042857142857
2014-09-30,Huairou,WNW,177.00224550898204,0.12949101796407186,59.46781437125748,75.22080838323353,5.049401197604791,26.586077844311376,873.2035928143713,68.90419161676647,1108.431886227545
2014-10-31,Huairou,WNW,189.54545454545453,0.03539944903581267,96.5633608815427,115.94765840220386,6.797520661157025,39.23278236914601,1158.953168044077,40.646005509641874,1458.1404958677685
2014-11-30,Huairou,NW,217.12025316455697,0.00014064697609001407,67.56497890295358,94.36315049226441,12.518987341772151,46.45316455696202,1159.774964838256,28.68199718706048,1409.3572433192687
2014-12-31,Huairou,NW,225.36237188872622,0.01493411420204978,44.87496339677892,68.74699853587116,18.610395314787702,38.56002928257686,1172.181551976574,33.756954612005856,1376.7308931185944
2015-01-31,Huairou,NW,182.51414427157002,0.0014144271570014145,82.25742574257426,97.53564356435643,21.905233380480905,49.84299858557284,1504.6676096181047,24.495049504950494,1780.7039603960395
2015-02-28,Huairou,NW,183.636,0.00912,77.28175999999999,100.96656,15.814720000000001,34.69728,1176.16,42.2856,1447.2059199999999
2015-03-31,Huairou,NW,204.6951219512195,0.0,85.40045731707316,132.88307926829268,14.740853658536585,35.576981707317074,1044.3597560975609,56.06326219512195,1369.0243902439024
2015-04-30,Huairou,NW,175.04122938530733,0.04152923538230884,70.21064467766116,100.74587706146927,6.801649175412294,26.935832083958022,669.5652173913044,85.0391304347826,959.2983508245877
2015-05-31,Huairou,NW,185.74202496532592,0.05312066574202496,52.67975034674063,88.23661581137308,7.295423023578364,22.313314840499306,667.5450762829404,97.2851595006935,935.3553398058252
2015-06-30,Huairou,WNW,181.4504132231405,0.13355371900826446,58.4198347107438,73.80661157024794,5.414876033057851,16.580165289256197,1016.198347107438,90.53388429752066,1260.9537190082644
2015-07-31,Huairou,NW,179.7781690140845,0.418169014084507,52.47746478873239,64.29014084507043,4.459154929577465,15.408450704225352,746.056338028169,96.64507042253521,979.3366197183099
2015-08-31,Huairou,NW,173.27549575070822,0.1478753541076487,38.803116147308785,59.36260623229462,2.601983002832861,10.974504249291785,662.0396600566572,83.46600566572238,857.2478753541077
2015-09-30,Huairou,NW,195.74334319526628,0.1007396449704142,42.77810650887574,52.31804733727811,3.6316568047337277,15.40680473372781,673.2248520710059,59.5207100591716,846.8801775147929
2015-10-31,Huairou,NW,219.58904109589042,0.011872146118721462,66.38203957382039,82.30441400304414,5.016742770167427,26.171993911719937,779.9086757990867,42.984779299847794,1002.7686453576864
2015-11-30,Huairou,NW,162.55239520958085,0.06332335329341317,98.13473053892216,100.39520958083833,8.055389221556887,41.44011976047904,1521.4071856287426,19.119760479041915,1788.552395209581
2015-12-31,Huairou,NW,204.78490832157968,0.0029619181946403386,129.40479548660085,133.43582510578278,10.001410437235544,50.492242595204516,2198.871650211566,27.89703808180536,2550.1029619181945
2016-01-31,Huairou,NW,193.5,0.0015714285714285715,59.27857142857143,67.32,12.22,34.35,1186.142857142857,23.17,1382.4814285714285
2016-02-29,Huairou,NW,202.11206896551724,0.014733542319749217,38.85579937304075,49.794670846394986,8.81191222570533,19.15203761755486,729.4670846394985,37.48746081504702,883.5689655172414
2016-03-31,Huairou,NW,200.67307692307693,0.0,83.59116809116809,114.75925925925925,11.82905982905983,34.13105413105413,1049.145299145299,44.56980056980057,1338.025641025641
2016-04-30,Huairou,NW,206.21495327102804,0.017757009345794394,55.626168224299064,105.3208722741433,7.464174454828661,24.160436137071652,735.8255451713395,67.27881619937695,995.6760124610591
2016-05-31,Huairou,NW,195.34810126582278,0.05189873417721519,47.05344585091421,81.41209563994374,6.848101265822785,21.744022503516174,607.1729957805907,92.90576652601969,857.1364275668074
2016-06-30,Huairou,NW,178.96666666666667,0.21866666666666665,46.72296296296296,68.76592592592593,4.765925925925926,18.912592592592592,654.8148148148148,106.44148148148147,900.4237037037037
2016-07-31,Huairou,NW,179.80796586059745,0.31593172119487906,58.786628733997155,67.97724039829303,2.9672830725462305,16.26031294452347,833.5704125177809,89.39971550497866,1068.9615931721196
2016-08-31,Huairou,NW,180.1278409090909,0.07386363636363637,41.03267045454545,51.83096590909091,2.703125,14.475852272727273,673.8636363636364,61.17045454545455,845.0767045454545
2016-09-30,Huairou,NW,181.70454545454547,0.1223905723905724,45.7979797979798,56.30976430976431,3.1666666666666665,15.476430976430976,625.925925925926,56.996632996633,803.6734006734007
2016-10-31,Huairou,NW,209.79910714285714,0.08005952380952382,79.16666666666667,95.03422619047619,5.053571428571429,32.45238095238095,947.9166666666666,27.473214285714285,1187.0967261904761
2016-11-30,Huairou,NW,205.6324850299401,0.019011976047904194,82.64221556886227,117.05988023952096,6.383233532934132,48.75748502994012,1374.251497005988,19.104790419161677,1648.1991017964071
2016-12-31,Huairou,NW,211.81034482758622,0.0,93.17691154422789,113.45727136431785,7.842578710644678,51.67916041979011,1771.8140929535232,21.628185907046475,2059.59820089955
2017-01-31,Huairou,NW,207.16304347826087,0.0014492753623188406,88.25942028985507,109.4376811594203,9.023188405797102,41.721739130434784,1580.144927536232,36.56811594202899,1865.1550724637682
2017-02-28,Huairou,NW,189.7826086956522,0.007142857142857143,58.34472049689441,72.97826086956522,10.386645962732919,36.1055900621118,1029.3478260869565,58.5,1265.6630434782608
2013-03-31,Nongzhanguan,N,136.27298444130128,0.022065063649222064,107.97736916548797,127.87977369165488,45.257425742574256,76.74257425742574,1518.3790664780763,59.517680339462515,1935.7538896746817
2013-04-30,Nongzhanguan,NW,172.87390029325513,0.012903225806451615,56.976539589442815,96.40762463343108,23.09384164222874,53.8433719941349,940.0865102639297,62.97603225806452,1233.3839203812315
2013-05-31,Nongzhanguan,SW,161.2737341772152,0.003955696202531646,79.88449367088607,128.8022151898734,27.900316455696203,58.776898734177216,1098.4762658227849,84.27523164556962,1478.1154215189874
2013-06-30,Nongzhanguan,E,123.03333333333333,0.1005925925925926,110.15555555555555,108.33481481481482,17.355555555555554,53.18962962962963,1539.565925925926,76.87555555555555,1905.477037037037
2013-07-31,Nongzhanguan,ENE,145.121776504298,0.27679083094555873,75.4971346704871,70.75501432664757,9.002865329512893,40.25214899713467,1144.9598853868195,84.41690544412607,1424.8839541547277
2013-08-31,Nongzhanguan,E,147.29283707865167,0.07584269662921349,68.43258426966293,75.48876404494382,6.186797752808989,49.764044943820224,1021.9101123595506,78.73876404494382,1300.5210674157304
2013-09-30,Nongzhanguan,ENE,134.10764872521247,0.07790368271954674,80.87393767705383,98.26628895184136,14.005665722379604,69.42917847025495,1282.4263456090653,46.8413597733711,1591.842776203966
2013-10-31,Nongzhanguan,E,140.4,0.032296296296296295,98.71555555555555,112.64148148148148,19.074074074074073,66.4962962962963,1315.4074074074074,25.475828740740738,1637.8106435555553
2013-11-30,Nongzhanguan,NW,180.25787965616047,0.0,83.09885386819484,105.50429799426934,24.230659025787965,60.97772693409742,1369.9140401146133,22.43646246418338,1666.162040401146
2013-12-31,Nongzhanguan,NE,160.40625,0.0,97.45208333333333,132.15,48.28541666666667,73.46411416666666,2059.375,20.709034583333334,2431.43564875
2014-01-31,Nongzhanguan,ENE,138.7966804979253,0.0,106.71369294605809,137.0567081604426,60.71230982019364,67.70124481327801,1949.792531120332,20.74273858921162,2342.7192254495158
2014-02-28,Nongzhanguan,E,135.4560810810811,0.011486486486486485,146.83277027027026,157.72128378378378,64.97128378378379,65.60304054054055,2099.324324324324,26.24831081081081,2560.7010135135133
2014-03-31,Nongzhanguan,ENE,152.26027397260273,0.000821917808219178,99.33150684931506,138.6904109589041,38.56712328767123,67.78082191780823,1459.3150684931506,46.894520547945206,1850.5794520547945
2014-04-30,Nongzhanguan,SW,162.20630372492838,0.02879656160458453,86.68194842406876,140.82808022922637,19.46275071633238,60.98280802292263,968.6246418338109,71.1618911174785,1347.7421203438396
2014-05-31,Nongzhanguan,ESE,170.28481012658227,0.08481012658227848,64.5253164556962,129.68073136427566,17.10717299578059,56.13023909985935,836.1462728551336,97.02039381153305,1200.6101265822786
2014-06-30,Nongzhanguan,E,141.66182873730043,0.19100145137880986,57.61248185776488,87.55587808417997,8.582002902757619,48.30043541364296,897.3875181422351,106.27140783744558,1205.7097242380262
2014-07-31,Nongzhanguan,E,150.17807262569832,0.09594972067039106,82.75810055865922,110.5108938547486,8.210335195530726,44.59413407821229,1050.0,106.57025139664805,1402.643715083799
2014-08-31,Nongzhanguan,E,136.97423398328692,0.08356545961002786,61.536908077994426,88.70515320334262,6.41866295264624,49.24373259052925,959.8885793871866,101.4784122562674,1267.2714484679666
2014-09-30,Nongzhanguan,E,133.88797364085667,0.18056013179571662,65.67034596375618,95.15469522240528,9.225700164744646,57.767051070840196,1205.1070840197694,56.1995057660626,1489.1243822075783
2014-10-31,Nongzhanguan,E,123.22931276297335,0.020897615708274895,134.6030855539972,167.1037868162693,9.97335203366059,82.78821879382889,1407.1528751753156,25.786816269284714,1827.4081346423563
2014-11-30,Nongzhanguan,NW,163.3695652173913,0.0011594202898550724,105.97971014492754,140.92565217391305,19.98072463768116,78.39811594202898,1632.7536231884058,23.409420289855074,2001.4472463768118
2014-12-31,Nongzhanguan,NW,183.5897435897436,0.0,76.73504273504274,115.46723646723646,35.857549857549856,65.13105413105413,1676.6381766381767,29.062678062678064,1998.8917378917379
2015-01-31,Nongzhanguan,ENE,147.16961852861036,0.00027247956403269756,108.09959128065395,131.03950953678475,42.554768392370576,76.74141689373296,2003.2697547683924,24.947956403269753,2386.6529972752046
2015-02-28,Nongzhanguan,ENE,156.99400299850075,0.013043478260869566,101.38530734632684,124.80209895052474,32.28185907046477,58.88905547226387,1477.2113943028485,41.87106446776612,1836.4407796101948
2015-03-31,Nongzhanguan,E,160.44718309859155,0.009295774647887325,94.46647887323944,140.4032394366197,24.35507042253521,64.03169014084507,1261.1267605633802,48.68943661971831,1633.0726760563382
2015-04-30,Nongzhanguan,SW,169.90928882438317,0.058200290275761964,76.91146589259797,113.3764876632801,11.480406386066763,53.54571843251089,848.3309143686503,76.25253991291727,1179.8975326560233
2015-05-31,Nongzhanguan,SW,168.5126582278481,0.052461322081575244,59.0112517580872,99.51758087201125,9.715893108298172,45.949367088607595,917.5808720112518,96.17158931082982,1227.9465541490858
2015-06-30,Nongzhanguan,E,157.37306064880113,0.1383638928067701,63.56558533145275,81.76488011283499,7.957686882933709,43.69957686882934,1215.0916784203102,97.26375176304654,1509.3431593794078
2015-07-31,Nongzhanguan,E,135.85481682496606,0.2727272727272727,56.94843962008141,75.45997286295794,5.742198100407055,41.149253731343286,914.7896879240163,106.74762550881954,1200.8371777476254
2015-08-31,Nongzhanguan,ENE,129.0612244897959,0.1273469387755102,41.80544217687075,64.7469387755102,3.8802721088435375,35.03809523809524,836.0544217687075,101.61904761904762,1083.1442176870748
2015-09-30,Nongzhanguan,NE,133.55812220566318,0.14023845007451563,50.7585692995529,64.18628912071534,5.776453055141579,51.442622950819676,895.8271236959762,60.57228017883756,1128.5633383010431
2015-10-31,Nongzhanguan,NE,165.28846153846155,0.021005917159763313,85.11390532544378,100.87721893491124,7.928994082840236,67.81065088757397,1054.8816568047337,37.55621301775148,1354.1686390532545
2015-11-30,Nongzhanguan,ENE,119.47932053175775,0.05553914327917282,128.18759231905466,131.2245199409158,15.580502215657312,70.5317577548006,2067.7991137370755,16.314623338257014,2429.6381093057607
2015-12-31,Nongzhanguan,ENE,135.37604456824513,0.002924791086350975,157.0306406685237,160.38718662952647,22.910863509749305,96.19220055710306,3144.986072423398,19.298050139275766,3600.8050139275765
2016-01-31,Nongzhanguan,NNW,160.44137466307276,0.0006738544474393531,70.28167115902966,80.07816711590297,22.578167115902964,60.76549865229111,1524.5283018867924,34.61590296495957,1792.8477088948787
2016-02-29,Nongzhanguan,NW,179.44241982507288,0.01836734693877551,43.380466472303205,53.65451895043732,16.666180758017493,41.411078717201164,900.7288629737609,50.204081632653065,1106.0451895043732
2016-03-31,Nongzhanguan,ENE,160.55516265912306,0.0,94.6987270155587,133.78217821782178,21.923620933521924,68.45261669024045,1259.5473833097597,49.18811881188119,1627.5926449787835
2016-04-30,Nongzhanguan,NW,167.77382645803698,0.006827880512091039,71.27311522048365,107.36130867709815,11.291607396870555,51.08534850640114,775.9601706970128,69.99715504978663,1086.968705547653
2016-05-31,Nongzhanguan,SW,185.97067039106145,0.040921787709497205,54.747206703910614,85.46368715083798,10.240223463687151,44.88826815642458,662.9888268156425,97.09916201117318,955.427374301676
2016-06-30,Nongzhanguan,E,146.50714285714287,0.10142857142857142,61.89857142857143,77.24285714285715,5.9871428571428575,40.387142857142855,816.7142857142857,111.72857142857143,1113.9585714285715
2016-07-31,Nongzhanguan,NE,133.41743119266056,0.4787461773700306,66.07339449541284,71.68654434250764,4.07645259938838,40.05351681957187,981.3455657492354,100.3868501529052,1263.6223241590214
2016-08-31,Nongzhanguan,NE,142.47931034482758,0.06427586206896552,49.01379310344828,59.433103448275865,3.579310344827586,38.04965517241379,922.3448275862069,89.44413793103448,1161.864827586207
2016-09-30,Nongzhanguan,NE,117.85194174757281,0.18624595469255661,56.47249190938511,70.31229773462783,4.263754045307444,44.87702265372168,809.546925566343,61.05177993527508,1046.5242718446602
2016-10-31,Nongzhanguan,NE,139.24586776859505,0.12038567493112949,84.92011019283747,106.0771349862259,5.925619834710743,51.81129476584022,1228.5123966942149,23.516528925619834,1500.763085399449
2016-11-30,Nongzhanguan,ENE,137.09745762711864,0.007485875706214689,105.24717514124293,145.73022598870057,12.847457627118644,65.79237288135593,1909.7457627118645,15.733050847457626,2255.0960451977403
2016-12-31,Nongzhanguan,NE,127.27467811158799,0.0,148.1802575107296,169.69098712446353,19.756795422031473,82.55507868383405,2698.140200286123,18.160228898426322,3136.483547925608
2017-01-31,Nongzhanguan,NE,150.9978540772532,0.00042918454935622326,120.4620886981402,139.74391988555078,21.46065808297568,65.26037195994277,2180.829756795422,30.67238912732475,2558.4291845493563
2017-02-28,Nongzhanguan,NE,160.92923794712286,0.0052877138413685845,77.09020217729393,94.11975116640747,19.511664074650078,49.864696734059095,1185.3810264385693,43.04665629860031,1469.01399688958
2013-03-31,Shunyi,SSE,134.5,0.02237037037037037,107.34518518518519,120.83259259259259,32.99407407407407,60.01481481481481,1413.2074074074073,53.986666666666665,1788.3807407407407
2013-04-30,Shunyi,NW,171.11316568047337,0.013609467455621303,58.05621301775148,83.47781065088758,17.431952662721894,40.71459571005917,1037.4866863905324,56.96600857988166,1294.1332670118343
2013-05-31,Shunyi,S,158.82167832167832,0.002097902097902098,79.8055944055944,125.74125874125875,21.226573426573427,43.36923076923077,1022.2895104895105,87.3062937062937,1379.7384615384615
2013-06-30,Shunyi,SSE,134.52439024390245,0.15284552845528454,112.04227642276423,119.5869918699187,5.957723577235773,36.292682926829265,1431.4,83.62113821138212,1788.9008130081302
2013-07-31,Shunyi,NNE,140.82831325301206,0.3493975903614458,65.96987951807229,65.46987951807229,6.463855421686747,27.981927710843372,815.0240963855422,93.83734939759036,1074.7469879518073
2013-08-31,Shunyi,NNE,131.95623342175065,0.05676392572944298,59.12997347480106,71.58620689655173,3.456233421750663,30.22332599469496,1018.3023872679045,69.19893899204244,1251.8970660477453
2013-09-30,Shunyi,NNE,132.91606367583213,0.06092619392185239,71.81186685962373,91.77858176555716,8.568740955137482,27.908827785817657,1219.2402315484806,51.74095513748191,1471.0492040520985
2013-10-31,Shunyi,NE,123.12231759656652,0.011015736766809728,84.08440629470672,109.56795422031473,10.113018597997138,53.103004291845494,1134.620886981402,26.609253791130186,1418.0985241773963
2013-11-30,Shunyi,N,162.91604754829123,0.0,66.7667161961367,88.30163447251114,16.158989598811292,52.71173848439822,1211.5898959881129,23.61760089153046,1459.1465756315008
2013-12-31,Shunyi,NE,142.27564102564102,0.0,66.20370370370371,76.56267806267806,30.27777777777778,49.004273504273506,1767.5213675213674,25.46031623931624,2015.0301168091169
2014-01-31,Shunyi,NNE,138.2325746799431,0.0,94.70412517780939,114.20768136557611,44.920341394025606,56.30583214793741,1663.7268847795165,23.078236130867708,1996.9431009957325
2014-02-28,Shunyi,NNE,145.91854419410745,0.006412478336221838,150.736568457539,146.0103986135182,49.7157712305026,56.21837088388215,1969.1507798960138,29.636048526863085,2401.467937608319
2014-03-31,Shunyi,NNE,148.86131386861314,0.00029197080291970805,96.01313868613138,132.1956204379562,32.706569343065695,60.85109489051095,1258.3941605839416,46.472992700729925,1626.6335766423358
2014-04-30,Shunyi,SSW,155.09393063583815,0.021242774566473988,88.14017341040463,140.10838150289018,17.209537572254334,55.274566473988436,902.456647398844,70.03468208092485,1273.2239884393064
2014-05-31,Shunyi,NW,174.43820224719101,0.05702247191011236,50.04269662921349,91.64101123595506,10.02247191011236,34.627808988764045,727.2471910112359,74.65449438202248,988.2356741573035
2014-06-30,Shunyi,S,156.165568369028,0.10939044481054365,56.467874794069196,75.65733113673805,4.9555189456342665,32.415156507413506,732.1252059308073,107.20922570016475,1008.830313014827
2014-07-31,Shunyi,S,143.21932299012693,0.12891396332863186,95.51565585331454,113.18504936530324,6.3418899858956275,27.614950634696758,962.7644569816644,108.07433004231311,1313.4963328631877
2014-08-31,Shunyi,SSW,136.47017045454547,0.0815340909090909,62.48977272727273,83.50625000000001,4.555113636363637,29.067897727272726,805.9659090909091,101.61164772727274,1087.196590909091
2014-09-30,Shunyi,NNE,118.80305602716469,0.10305602716468591,67.97623089983023,89.37351443123939,4.66383701188455,38.02037351443124,997.962648556876,54.00679117147708,1252.0033955857386
2014-10-31,Shunyi,N,109.98603351955308,0.014804469273743017,107.78212290502793,127.96787709497207,7.325418994413408,55.64804469273743,1234.63687150838,27.60335195530726,1560.963687150838
2014-11-30,Shunyi,N,136.6399416909621,0.0013119533527696794,82.39241982507288,122.17551020408162,11.95539358600583,58.41253644314869,1472.0116618075801,20.815160349854228,1767.7626822157433
2014-12-31,Shunyi,NW,176.10703812316714,0.0,49.36158357771261,84.48387096774194,23.585043988269796,47.95454545454545,1376.392961876833,28.089442815249267,1609.867448680352
2015-01-31,Shunyi,N,119.29787234042553,0.00042553191489361707,100.14652482269504,110.19758865248227,27.015886524822697,58.744964539007086,1746.950354609929,28.85333333333333,2071.9086524822696
2015-02-28,Shunyi,NNE,133.97560975609755,0.008130081300813009,90.25853658536586,113.0569105691057,21.01951219512195,45.50406504065041,1291.3821138211383,40.32520325203252,1601.5463414634146
2015-03-31,Shunyi,SE,157.56531204644412,0.001451378809869376,87.04934687953556,140.02496371552974,18.113642960812772,52.967489114658925,1131.7851959361394,46.07692307692308,1476.0175616835993
2015-04-30,Shunyi,S,146.68070444104134,0.05482388973966309,73.49464012251148,112.77672281776417,11.010719754977028,45.18070444104135,750.9954058192956,69.10566615620215,1062.5638591117918
2015-05-31,Shunyi,S,156.52737752161383,0.0484149855907781,57.50576368876081,83.65129682997119,9.309798270893372,35.9164265129683,662.1037463976945,85.88328530259366,934.3703170028818
2015-06-30,Shunyi,SSE,135.91216216216216,0.14954954954954955,66.50720720720722,80.2496996996997,4.3558558558558556,32.42762762762763,1144.4444444444443,83.85525525525526,1411.8400900900901
2015-07-31,Shunyi,SE,132.26223776223776,0.3430769230769231,63.21818181818182,73.13986013986013,3.158041958041958,29.06013986013986,785.3146853146853,95.4027972027972,1049.2937062937062
2015-08-31,Shunyi,N,107.46978851963746,0.08429003021148036,41.43202416918429,59.299093655589125,2.915407854984894,22.663141993957705,742.4471299093656,80.81419939577039,949.570996978852
2015-09-30,Shunyi,N,123.8784665579119,0.17911908646003263,46.53833605220228,57.48776508972268,3.1386623164763456,36.06362153344209,692.0065252854812,48.451876019575856,883.6867862969004
2015-10-31,Shunyi,N,161.20044052863437,0.013362701908957416,74.79001468428781,89.32305433186491,4.261380323054332,48.779735682819386,873.2745961820851,30.375917767988252,1120.8046989721
2015-11-30,Shunyi,NNE,107.80373831775701,0.061526479750778816,114.37694704049844,116.31152647975078,9.766355140186915,49.64485981308411,1772.5856697819315,18.842679127725855,2081.5280373831774
2015-12-31,Shunyi,N,120.36308623298034,0.003479576399394856,151.43419062027232,155.49773071104389,14.187594553706505,64.69137670196672,2603.7821482602117,16.18305597579425,3005.7760968229954
2016-01-31,Shunyi,N,156.31241084165478,0.0017118402282453636,69.08416547788873,76.50356633380885,15.549215406562054,44.4151212553495,1371.6119828815977,33.7546362339515,1610.9186875891583
2016-02-29,Shunyi,WNW,175.75077399380805,0.013157894736842105,46.72755417956656,52.924148606811144,12.01702786377709,30.009287925696594,848.297213622291,49.14705882352941,1039.1222910216718
2016-03-31,Shunyi,N,144.39252336448598,0.0,100.93613707165109,125.61214953271028,17.962616822429908,56.40965732087228,1243.4579439252336,46.72741433021807,1591.1059190031153
2016-04-30,Shunyi,SE,165.75797872340425,0.009397163120567376,73.63475177304964,103.63829787234043,9.313829787234043,41.558510638297875,818.9716312056737,72.13120567375887,1119.2482269503546
2016-05-31,Shunyi,SSE,167.54816112084063,0.07898423817863398,46.24693520140105,70.67775831873905,6.339754816112084,40.04028021015762,555.5166374781086,92.60420315236428,811.4255691768826
2016-06-30,Shunyi,SSE,128.1765163297045,0.13825816485225506,53.41057542768274,63.034214618973564,3.76049766718507,31.796267496111977,723.7947122861586,112.03265940902021,987.8289269051322
2016-07-31,Shunyi,SSE,120.83823529411765,0.2923529411764706,63.02647058823529,70.875,2.347058823529412,25.44264705882353,817.6470588235294,98.925,1078.2632352941177
2016-08-31,Shunyi,NNE,134.42045454545453,0.05242424242424243,46.59090909090909,58.44090909090909,2.4696969696969697,30.113636363636363,706.5151515151515,79.51515151515152,923.6454545454545
2016-09-30,Shunyi,NE,122.33532934131736,0.00658682634730539,36.78443113772455,50.10778443113772,4.029940119760479,33.68263473053892,487.4251497005988,49.532934131736525,661.562874251497
2016-10-31,Shunyi,NE,136.23387096774192,0.10354838709677419,82.84677419354838,97.75806451612904,6.185483870967742,51.998387096774195,1098.0645161290322,25.18225806451613,1362.0354838709677
2016-11-30,Shunyi,NNE,136.73611111111111,0.0021604938271604936,93.0679012345679,121.45833333333333,16.566358024691358,63.20524691358025,1733.9506172839506,20.438271604938272,2048.686728395062
2016-12-31,Shunyi,NNE,119.5,0.0,112.35703703703703,124.01481481481481,19.885925925925925,67.30814814814815,2278.6666666666665,24.114074074074075,2626.346666666667
2017-01-31,Shunyi,NE,152.5609756097561,0.0,114.42530487804878,127.41463414634147,21.992378048780488,57.97713414634146,2179.268292682927,37.576219512195124,2538.6539634146343
2017-02-28,Shunyi,NNE,144.17857142857142,0.005873015873015874,68.67777777777778,78.45873015873016,19.153968253968255,48.493650793650794,1216.3492063492063,49.94444444444444,1481.0777777777778
2013-03-31,Tiantan,N,136.25386996904024,0.02414860681114551,110.49845201238391,125.58204334365325,37.744582043343655,64.70743034055728,1588.2167182662538,60.88854489164087,1987.6377708978328
2013-04-30,Tiantan,NW,169.05775075987842,0.013373860182370821,61.54103343465046,91.26899696048632,21.64437689969605,44.20150455927052,1003.7112462006079,59.21067750759879,1281.57783556231
2013-05-31,Tiantan,SW,163.25342465753425,0.00380517503805175,82.3013698630137,137.76712328767124,26.375951293759513,41.6834094368341,1130.0395738203958,81.44829863013699,1499.6157263318112
2013-06-30,Tiantan,E,125.09232954545455,0.09630681818181817,110.94886363636364,133.9900568181818,15.166193181818182,48.81960227272727,1447.002840909091,75.3465909090909,1831.2741477272727
2013-07-31,Tiantan,ENE,143.06603773584905,0.2844702467343977,69.38461538461539,84.37300435413643,7.065312046444122,43.76632801161103,1051.210449927431,78.12046444121916,1333.9201741654572
2013-08-31,Tiantan,E,146.92094313453538,0.07489597780859916,63.59639389736477,81.75728155339806,6.320388349514563,40.932038834951456,918.1692094313454,79.65325936199723,1190.4285714285713
2013-09-30,Tiantan,ENE,134.61095100864554,0.0792507204610951,79.02449567723343,105.30403458213256,10.538904899135447,57.684438040345825,1324.914985590778,46.18299711815562,1623.6498559077809
2013-10-31,Tiantan,NE,141.7435158501441,0.0314121037463977,95.62824207492795,119.79827089337176,12.727665706051873,65.91066282420749,1289.4812680115274,24.845452161383285,1608.3915616714698
2013-11-30,Tiantan,NW,180.41548295454547,0.0,80.75,103.88920454545455,14.549715909090908,57.49857954545455,1531.3920454545455,19.244976420454545,1807.324521875
2013-12-31,Tiantan,NE,158.78571428571428,0.0,91.17478991596639,111.0218487394958,28.830252100840337,70.7798319327731,2021.8487394957983,17.407557983193275,2341.0630201680674
2014-01-31,Tiantan,ENE,137.94718309859155,0.0,99.32394366197182,125.33098591549296,48.58028169014084,72.97887323943662,1967.1830985915492,20.612676056338028,2334.0098591549295
2014-02-28,Tiantan,E,140.23469387755102,0.013877551020408163,137.3734693877551,143.18979591836734,52.30612244897959,67.23673469387755,1977.9591836734694,31.16938775510204,2409.234693877551
2014-03-31,Tiantan,ENE,152.16206896551725,0.0008275862068965517,93.44137931034483,127.01379310344828,32.91310344827586,65.03586206896551,1423.3103448275863,46.377931034482756,1788.0924137931036
2014-04-30,Tiantan,SW,162.54310344827587,0.02887931034482759,84.83045977011494,121.15373563218391,16.410919540229884,54.47270114942529,929.8850574712644,70.34482758620689,1277.0977011494253
2014-05-31,Tiantan,NNW,179.0314569536424,0.1119205298013245,49.9182119205298,87.44039735099338,14.380794701986755,39.77119205298013,695.0331125827814,69.45761589403973,956.0013245033114
2014-06-30,Tiantan,E,143.20384615384614,0.19261538461538463,62.598461538461535,85.10461538461539,8.184615384615384,40.86769230769231,941.2307692307693,96.25692307692307,1234.2430769230768
2014-07-31,Tiantan,E,148.96657571623464,0.09372442019099592,92.19508867667122,115.9181446111869,6.8772169167803545,36.37653478854025,1010.2319236016372,101.73669849931787,1363.3356070941336
2014-08-31,Tiantan,ENE,137.39831697054697,0.08330995792426367,65.82061711079943,83.04894810659187,5.587377279102385,43.42300140252454,929.7335203366059,90.99887798036465,1218.6123422159887
2014-09-30,Tiantan,E,135.60638297872342,0.1575886524822695,67.9177304964539,85.07517730496454,7.585815602836879,49.88950354609929,1080.8510638297873,52.89602836879432,1344.2153191489363
2014-10-31,Tiantan,E,122.39115168539325,0.019241573033707868,115.40449438202248,139.01404494382024,9.764044943820224,72.29915730337079,1409.4101123595506,24.14747191011236,1770.0393258426966
2014-11-30,Tiantan,NW,162.20856741573033,0.0009831460674157302,87.90308988764045,125.10969101123597,10.442415730337078,62.16390449438202,1592.9775280898875,21.291994382022473,1899.8886235955056
2014-12-31,Tiantan,NW,183.86029411764707,0.0,68.15980392156864,108.4001633986928,24.86176470588235,61.328267973856214,1710.2941176470588,29.4562091503268,2002.5003267973855
2015-01-31,Tiantan,ENE,145.66915760869566,0.0002717391304347826,102.11385869565218,115.6413043478261,29.076358695652175,68.53464673913044,1878.6684782608695,27.75720108695652,2221.791847826087
2015-02-28,Tiantan,ENE,156.25,0.013063063063063065,96.71321321321321,121.31981981981981,22.54204204204204,51.468468468468465,1436.1861861861862,41.88138138138138,1770.111111111111
2015-03-31,Tiantan,E,161.4539748953975,0.009205020920502092,88.24825662482566,136.2379358437936,18.828451882845187,51.92608089260809,1176.0111576011157,53.691771269177124,1524.9436541143655
2015-04-30,Tiantan,SW,172.13309352517985,0.057697841726618695,72.19856115107913,108.6378417266187,8.748201438848922,44.014388489208635,782.7338129496403,85.82158273381295,1102.1543884892087
2015-05-31,Tiantan,SW,171.53556771545828,0.05102599179206566,53.801641586867305,93.88235294117646,10.038303693570452,42.63337893296853,737.3461012311901,102.59097127222982,1040.2927496580028
2015-06-30,Tiantan,E,155.59489051094891,0.12248175182481752,62.27299270072993,79.73313868613138,6.781021897810219,42.31240875912409,1275.7664233576643,92.77080291970803,1559.6367883211678
2015-07-31,Tiantan,E,138.94736842105263,0.2747076023391813,65.70175438596492,76.73830409356725,5.375730994152047,41.421052631578945,939.766081871345,101.50730994152046,1230.5102339181287
2015-08-31,Tiantan,ENE,127.22612359550561,0.10435393258426966,47.93539325842696,61.75983146067416,5.405898876404494,36.90589887640449,866.1516853932584,94.42134831460675,1112.5800561797753
2015-09-30,Tiantan,ENE,141.2297496318115,0.14315169366715758,48.29013254786451,60.974963181148745,6.126656848306333,48.93225331369661,879.6759941089838,52.94698085419735,1096.9469808541974
2015-10-31,Tiantan,NE,170.42291950886766,0.01937244201909959,72.00954979536152,89.00136425648022,5.381991814461118,56.35197817189631,978.0354706684857,36.52660300136426,1237.3069577080491
2015-11-30,Tiantan,ENE,118.59843081312411,0.051925820256776035,123.23537803138373,127.77318116975749,10.965763195435093,61.26533523537803,1885.3067047075606,14.445078459343794,2222.9914407988585
2015-12-31,Tiantan,ENE,133.51719197707737,0.003008595988538682,145.14183381088824,151.18767908309457,12.783667621776504,76.97851002865329,2642.9799426934096,13.664756446991404,3042.7363896848137
2016-01-31,Tiantan,NNW,161.45805142083898,0.0006765899864682003,71.26522327469553,86.81326116373478,18.00405953991881,60.07713125845738,1588.6332882273343,28.018944519621108,1852.8119079837618
2016-02-29,Tiantan,NW,179.34687953555877,0.018287373004354134,44.99274310595065,61.1233671988389,12.950653120464441,40.509433962264154,929.4629898403483,47.55007256894049,1136.589259796807
2016-03-31,Tiantan,ENE,158.7396694214876,0.0,90.27272727272727,125.01790633608816,15.881542699724518,60.57300275482093,1226.5840220385676,48.79338842975206,1567.1225895316804
2016-04-30,Tiantan,NW,165.634110787172,0.006997084548104957,65.57434402332362,111.60349854227405,11.427113702623906,45.54518950437318,862.3906705539358,73.5,1170.0408163265306
2016-05-31,Tiantan,SW,184.82581967213116,0.04658469945355191,48.08879781420765,85.88387978142076,9.327868852459016,36.33743169398907,706.8306010928961,97.70491803278688,984.1734972677596
2016-06-30,Tiantan,E,143.3357452966715,0.10289435600578871,62.63386396526773,81.6657018813314,6.189580318379161,36.28943560057887,797.3950795947901,98.99710564399422,1083.1707670043415
2016-07-31,Tiantan,NE,131.60204081632654,0.42857142857142855,70.90884353741497,76.0108843537415,4.704761904761905,32.434013605442175,962.5850340136054,84.02448979591837,1230.6680272108842
2016-08-31,Tiantan,NE,141.32231404958677,0.07424242424242423,48.964187327823694,59.274104683195596,2.9917355371900825,35.47107438016529,884.297520661157,75.24380165289256,1106.2424242424242
2016-09-30,Tiantan,NE,115.48880597014926,0.1717910447761194,56.135820895522386,68.65074626865672,3.4582089552238804,47.134328358208954,835.223880597015,56.41044776119403,1067.0134328358208
2016-10-31,Tiantan,NE,138.86332417582418,0.12005494505494506,80.23626373626374,96.93956043956044,4.201923076923077,53.27197802197802,1214.1483516483515,22.62912087912088,1471.4271978021977
2016-11-30,Tiantan,ENE,136.60028449502133,0.0075391180654338545,99.90327169274538,130.85917496443813,8.015647226173542,68.3954480796586,1793.7411095305831,16.53058321479374,2117.4452347083925
2016-12-31,Tiantan,NE,127.8409090909091,0.0,145.25619834710744,180.80440771349862,10.438016528925619,85.45592286501378,2581.818181818182,13.814049586776859,3017.586776859504
2017-01-31,Tiantan,NE,152.23265895953756,0.0004335260115606937,115.89306358381504,146.28179190751445,14.027456647398845,70.88294797687861,2205.057803468208,26.917630057803468,2579.0606936416184
2017-02-28,Tiantan,NE,160.7644305772231,0.005304212168486739,71.85335413416537,95.77535101404057,13.939157566302653,55.68954758190328,1196.8798751950078,45.90795631825273,1480.0452418096725
